episode,ga,label,seed,generation,best,mean,std
1,route,覆盖路点巡回,1826701615,0,8599.14,14330.4,1792.22
1,route,覆盖路点巡回,1826701615,1,8599.14,13206.1,1486.36
1,route,覆盖路点巡回,1826701615,6,8599.14,12372.6,1532.31
1,route,覆盖路点巡回,1826701615,11,8599.14,12481,1520.31
1,route,覆盖路点巡回,1826701615,16,8599.14,11863,1719.1
1,route,覆盖路点巡回,1826701615,21,8599.14,10915.3,1683.73
1,route,覆盖路点巡回,1826701615,26,8599.14,10708.1,1663.35
1,route,覆盖路点巡回,1826701615,31,8599.14,10976.5,1848
1,route,覆盖路点巡回,1826701615,36,8599.14,10836.6,1601.29
1,route,覆盖路点巡回,1826701615,41,8599.14,11011.6,1717.59
1,route,覆盖路点巡回,1826701615,46,8599.14,10821.7,1835.45
1,route,覆盖路点巡回,1826701615,51,8599.14,11093.6,1740.58
1,route,覆盖路点巡回,1826701615,56,8599.14,11137.1,1872.41
1,route,覆盖路点巡回,1826701615,61,8599.14,10975.3,1808.44
1,route,覆盖路点巡回,1826701615,66,8599.14,10472.2,1696.32
1,route,覆盖路点巡回,1826701615,71,8599.14,10556.6,1541.57
1,route,覆盖路点巡回,1826701615,76,8599.14,9940.91,1602.92
1,route,覆盖路点巡回,1826701615,81,8599.14,10275.3,1771.85
1,route,覆盖路点巡回,1826701615,86,8599.14,10213,1512.87
1,route,覆盖路点巡回,1826701615,91,8599.14,10369.3,1537.43
1,route,覆盖路点巡回,1826701615,96,8599.14,10575.7,1599.43
1,route,覆盖路点巡回,1826701615,101,8599.14,10218.2,1591.16
1,route,覆盖路点巡回,1826701615,106,8599.14,10495.5,1703.2
1,route,覆盖路点巡回,1826701615,111,8599.14,10664.1,1796.12
1,route,覆盖路点巡回,1826701615,116,8599.14,10426.4,1857.65
1,route,覆盖路点巡回,1826701615,121,8599.14,10239.7,1438.89
1,route,覆盖路点巡回,1826701615,126,8599.14,10042.3,1607.08
1,route,覆盖路点巡回,1826701615,131,8599.14,10103.7,1634.15
1,route,覆盖路点巡回,1826701615,136,8599.14,9898.55,1673.64
1,route,覆盖路点巡回,1826701615,141,8599.14,9876.09,1598.88
1,route,覆盖路点巡回,1826701615,146,8599.14,10011.4,1587.01
1,route,覆盖路点巡回,1826701615,151,8599.14,9840.96,1661.31
1,route,覆盖路点巡回,1826701615,156,8599.14,9876.27,1528.11
1,route,覆盖路点巡回,1826701615,161,8599.14,10056.8,1684.91
1,route,覆盖路点巡回,1826701615,166,8599.14,9969.14,1743.5
1,route,覆盖路点巡回,1826701615,171,8599.14,9668.35,1569.89
1,route,覆盖路点巡回,1826701615,176,8599.14,9884.71,1675.66
1,route,覆盖路点巡回,1826701615,181,8599.14,9803.63,1607.96
1,route,覆盖路点巡回,1826701615,186,8599.14,9777.37,1608.76
1,route,覆盖路点巡回,1826701615,191,8599.14,10072.8,1660.04
1,route,覆盖路点巡回,1826701615,196,8599.14,9985.24,1728.61
1,route,覆盖路点巡回,1826701615,201,8599.14,9493.66,1286.77
1,route,覆盖路点巡回,1826701615,206,8599.14,9576.52,1533.1
1,route,覆盖路点巡回,1826701615,211,8599.14,9781.03,1541.06
1,route,覆盖路点巡回,1826701615,216,8599.14,9494.22,1344.35
1,route,覆盖路点巡回,1826701615,221,8599.14,9752.22,1502.15
1,route,覆盖路点巡回,1826701615,226,8599.14,9827.25,1688.02
1,route,覆盖路点巡回,1826701615,231,8599.14,9560.83,1492.28
1,route,覆盖路点巡回,1826701615,236,8599.14,9473.6,1338.92
1,route,覆盖路点巡回,1826701615,241,8599.14,9363.25,1237.67
1,route,覆盖路点巡回,1826701615,246,8599.14,9746.51,1676.56
1,route,覆盖路点巡回,1826701615,251,8599.14,9419.72,1440.59
1,route,覆盖路点巡回,1826701615,256,8599.14,9553.43,1446.4
1,route,覆盖路点巡回,1826701615,261,8599.14,9838.88,1701
1,route,覆盖路点巡回,1826701615,266,8599.14,9276.71,1267.73
1,route,覆盖路点巡回,1826701615,271,8599.14,9728.69,1450.86
1,route,覆盖路点巡回,1826701615,276,8599.14,9615.12,1473.16
1,route,覆盖路点巡回,1826701615,281,8599.14,9285.95,1227.99
1,route,覆盖路点巡回,1826701615,286,8599.14,9461.38,1333.21
1,route,覆盖路点巡回,1826701615,291,8599.14,9218.85,1187.48
1,route,覆盖路点巡回,1826701615,296,8599.14,9404.99,1330.36
1,route,覆盖路点巡回,1826701615,300,8599.14,9745.1,1531.61
1,localize,频道1,0,0,0.375989,128.564,61.7339
1,localize,频道1,0,1,0.375989,72.6064,39.2492
1,localize,频道1,0,6,0.284435,10.3606,11.7162
1,localize,频道1,0,11,0.276043,7.52081,10.1127
1,localize,频道1,0,16,0.276028,7.50665,9.47416
1,localize,频道1,0,21,0.275905,9.16581,11.5193
1,localize,频道1,0,26,0.275905,7.03013,10.5104
1,localize,频道1,0,31,0.274874,5.67591,7.57057
1,localize,频道1,0,36,0.274869,6.19519,7.43266
1,localize,频道1,0,41,0.274764,7.51571,8.09452
1,localize,频道1,0,46,0.274764,6.37549,7.85305
1,localize,频道1,0,51,0.274661,5.15934,6.22249
1,localize,频道1,0,56,0.274496,5.39028,6.55028
1,localize,频道1,0,61,0.274496,6.53149,8.52421
1,localize,频道1,0,66,0.274496,6.31388,6.41819
1,localize,频道1,0,71,0.274496,5.62276,6.49544
1,localize,频道1,0,76,0.274496,4.03566,4.76316
1,localize,频道1,0,81,0.274495,4.59379,5.20865
1,localize,频道1,0,86,0.274495,4.70467,5.38385
1,localize,频道1,0,91,0.274495,4.57299,5.09683
1,localize,频道1,0,96,0.274495,3.59565,4.7052
1,localize,频道1,0,101,0.274495,3.26243,4.0216
1,localize,频道1,0,106,0.274495,3.05546,4.03845
1,localize,频道1,0,111,0.274495,3.62716,4.09138
1,localize,频道1,0,116,0.274495,2.23094,2.82192
1,localize,频道1,0,121,0.274495,2.18955,2.70408
1,localize,频道1,0,126,0.274495,2.05547,2.06739
1,localize,频道1,0,131,0.274494,2.30896,2.63725
1,localize,频道1,0,136,0.274494,1.52991,1.53828
1,localize,频道1,0,141,0.274494,1.52181,1.68596
1,localize,频道1,0,146,0.274493,1.38584,1.64026
1,localize,频道1,0,150,0.274493,1.0189,1.14925
1,localize,频道2,0,0,0.470215,125.097,62.1218
1,localize,频道2,0,1,0.470215,69.6485,43.6915
1,localize,频道2,0,6,0.355995,11.9553,12.5135
1,localize,频道2,0,11,0.355995,9.19337,10.6458
1,localize,频道2,0,16,0.355995,9.68229,12.1523
1,localize,频道2,0,21,0.35432,9.89558,11.5856
1,localize,频道2,0,26,0.35432,7.73673,9.3184
1,localize,频道2,0,31,0.35432,7.10406,10.4864
1,localize,频道2,0,36,0.35432,8.25447,13.2397
1,localize,频道2,0,41,0.35432,9.27348,10.8175
1,localize,频道2,0,46,0.354283,7.21325,8.40912
1,localize,频道2,0,51,0.354256,6.78227,8.18821
1,localize,频道2,0,56,0.354256,6.36353,7.19655
1,localize,频道2,0,61,0.354256,8.65549,10.2578
1,localize,频道2,0,66,0.354256,7.50921,8.1833
1,localize,频道2,0,71,0.354256,7.77576,8.67561
1,localize,频道2,0,76,0.354256,5.54969,6.1017
1,localize,频道2,0,81,0.354254,4.8449,5.23109
1,localize,频道2,0,86,0.354218,5.21274,5.42438
1,localize,频道2,0,91,0.354218,5.74059,6.56383
1,localize,频道2,0,96,0.354218,4.7518,4.405
1,localize,频道2,0,101,0.354218,4.71054,4.93147
1,localize,频道2,0,106,0.35421,3.60713,4.57512
1,localize,频道2,0,111,0.35421,4.21868,4.29643
1,localize,频道2,0,116,0.35421,2.98612,3.03825
1,localize,频道2,0,121,0.35421,2.63428,2.71547
1,localize,频道2,0,126,0.35421,2.82612,3.03094
1,localize,频道2,0,131,0.354209,2.80739,2.99719
1,localize,频道2,0,136,0.354209,2.10294,2.23953
1,localize,频道2,0,141,0.354209,2.03708,2.01441
1,localize,频道2,0,146,0.354209,1.62755,1.39044
1,localize,频道2,0,150,0.354209,1.22033,1.1267
1,localize,频道3,0,0,0.479977,122.372,61.1457
1,localize,频道3,0,1,0.479977,64.2968,40.2154
1,localize,频道3,0,6,0.355995,7.61133,9.47334
1,localize,频道3,0,11,0.350698,5.42111,6.93621
1,localize,频道3,0,16,0.35051,5.45386,7.2862
1,localize,频道3,0,21,0.350504,6.8835,9.38102
1,localize,频道3,0,26,0.350504,4.55057,5.58116
1,localize,频道3,0,31,0.350367,4.10851,5.54622
1,localize,频道3,0,36,0.350359,4.57755,5.59155
1,localize,频道3,0,41,0.350359,5.216,5.71103
1,localize,频道3,0,46,0.350359,4.83435,6.73481
1,localize,频道3,0,51,0.350337,3.90776,4.77772
1,localize,频道3,0,56,0.350337,4.00818,5.2853
1,localize,频道3,0,61,0.35033,4.37192,5.52474
1,localize,频道3,0,66,0.35033,4.20022,4.3989
1,localize,频道3,0,71,0.35033,4.08512,5.0407
1,localize,频道3,0,76,0.35033,2.72245,3.46578
1,localize,频道3,0,81,0.35033,3.47818,4.15056
1,localize,频道3,0,86,0.35033,3.68856,4.54852
1,localize,频道3,0,91,0.35033,3.10742,3.44327
1,localize,频道3,0,96,0.35033,2.84661,3.71888
1,localize,频道3,0,101,0.35033,2.38999,3.20072
1,localize,频道3,0,106,0.35033,2.30422,3.21051
1,localize,频道3,0,111,0.350329,2.49883,2.90234
1,localize,频道3,0,116,0.350329,1.53284,1.83058
1,localize,频道3,0,121,0.350326,1.55018,1.87521
1,localize,频道3,0,126,0.350326,1.58658,1.52275
1,localize,频道3,0,131,0.350325,1.74565,1.99564
1,localize,频道3,0,136,0.350325,1.15319,1.20648
1,localize,频道3,0,141,0.350325,1.13478,1.29074
1,localize,频道3,0,146,0.350325,1.08948,1.22578
1,localize,频道3,0,150,0.350325,0.822813,0.819706
1,localize,频道4,0,0,0.497437,135.973,66.8735
1,localize,频道4,0,1,0.497437,70.5658,45.1387
1,localize,频道4,0,6,0.38723,7.09187,7.28614
1,localize,频道4,0,11,0.385762,5.34158,6.35439
1,localize,频道4,0,16,0.382816,5.40608,6.43886
1,localize,频道4,0,21,0.382553,5.98509,6.52867
1,localize,频道4,0,26,0.382553,4.80225,6.33854
1,localize,频道4,0,31,0.382432,3.91876,4.81742
1,localize,频道4,0,36,0.382432,4.44728,4.83502
1,localize,频道4,0,41,0.382432,5.07187,5.45111
1,localize,频道4,0,46,0.382432,4.1864,5.2073
1,localize,频道4,0,51,0.382432,3.74357,4.12313
1,localize,频道4,0,56,0.382432,3.84848,4.25453
1,localize,频道4,0,61,0.382432,4.63567,5.22386
1,localize,频道4,0,66,0.382432,4.25834,4.33958
1,localize,频道4,0,71,0.382432,3.92243,3.96078
1,localize,频道4,0,76,0.382432,2.93478,3.20509
1,localize,频道4,0,81,0.382429,2.84366,2.89027
1,localize,频道4,0,86,0.382429,3.13664,3.13939
1,localize,频道4,0,91,0.382429,3.18786,3.47
1,localize,频道4,0,96,0.382429,2.54278,2.62821
1,localize,频道4,0,101,0.382429,2.52769,2.55029
1,localize,频道4,0,106,0.382429,2.03569,2.25305
1,localize,频道4,0,111,0.382429,2.37714,2.14304
1,localize,频道4,0,116,0.382429,1.63032,1.56722
1,localize,频道4,0,121,0.382429,1.54961,1.58815
1,localize,频道4,0,126,0.382429,1.49722,1.2903
1,localize,频道4,0,131,0.382428,1.61089,1.44156
1,localize,频道4,0,136,0.382428,1.11857,0.940568
1,localize,频道4,0,141,0.382427,1.09669,0.979466
1,localize,频道4,0,146,0.382427,0.995783,0.813483
1,localize,频道4,0,150,0.382427,0.762799,0.563126
1,localize,频道5,0,0,0.01669,136.41,66.4828
1,localize,频道5,0,1,0.01669,71.1534,41.4677
1,localize,频道5,0,6,0.01669,9.661,10.9274
1,localize,频道5,0,11,0.0142538,8.11351,9.2335
1,localize,频道5,0,16,0.0141252,8.39796,10.3467
1,localize,频道5,0,21,0.0141252,9.77456,11.0714
1,localize,频道5,0,26,0.0141252,7.36993,9.37711
1,localize,频道5,0,31,0.0141252,6.10431,7.99292
1,localize,频道5,0,36,0.0140292,7.06101,8.89448
1,localize,频道5,0,41,0.0140276,7.56073,7.79655
1,localize,频道5,0,46,0.0140276,5.95245,7.65403
1,localize,频道5,0,51,0.0140276,6.06407,6.54432
1,localize,频道5,0,56,0.0140276,5.55237,6.21502
1,localize,频道5,0,61,0.0140276,7.91456,9.17945
1,localize,频道5,0,66,0.0140276,6.48051,6.88944
1,localize,频道5,0,71,0.0140276,6.4517,6.96918
1,localize,频道5,0,76,0.0140276,4.48917,5.04409
1,localize,频道5,0,81,0.0140276,4.19515,4.52421
1,localize,频道5,0,86,0.0140276,4.73284,5.78305
1,localize,频道5,0,91,0.0140276,4.74889,5.94328
1,localize,频道5,0,96,0.0140276,3.79405,3.99391
1,localize,频道5,0,101,0.0140276,3.74997,3.98103
1,localize,频道5,0,106,0.0140276,3.06138,3.60072
1,localize,频道5,0,111,0.0140276,3.53893,3.59183
1,localize,频道5,0,116,0.0140276,2.6072,2.90477
1,localize,频道5,0,121,0.0140276,2.22863,2.67813
1,localize,频道5,0,126,0.0140276,2.25358,2.26419
1,localize,频道5,0,131,0.0139885,2.36716,2.61465
1,localize,频道5,0,136,0.0139885,1.55349,1.76948
1,localize,频道5,0,141,0.0139885,1.4306,1.52428
1,localize,频道5,0,146,0.0139885,1.3467,1.49157
1,localize,频道5,0,150,0.0139885,0.937461,1.10037
1,localize,频道6,0,0,0,126.543,51.3146
1,localize,频道6,0,1,0,79.9371,39.0791
1,localize,频道7,0,0,0,134.265,53.3954
1,localize,频道7,0,1,0,85.7614,47.476
1,localize,频道8,0,0,0,131.592,64.7277
1,localize,频道8,0,1,0,72.9527,43.1194
1,localize,频道9,0,0,0,115.315,48.9615
1,localize,频道9,0,1,0,75.4844,38.8496
1,localize,频道10,0,0,0.494559,147.155,78.7471
1,localize,频道10,0,1,0.494559,73.4633,52.852
1,localize,频道10,0,6,0.494559,10.0722,11.3107
1,localize,频道10,0,11,0.446106,7.84216,9.56389
1,localize,频道10,0,16,0.376792,7.58789,8.69259
1,localize,频道10,0,21,0.373507,9.65058,12.8152
1,localize,频道10,0,26,0.373507,6.8008,8.01937
1,localize,频道10,0,31,0.37346,5.2034,6.17268
1,localize,频道10,0,36,0.37346,6.3485,6.45671
1,localize,频道10,0,41,0.37346,7.27341,7.9444
1,localize,频道10,0,46,0.373404,6.1472,7.84461
1,localize,频道10,0,51,0.373404,5.79333,6.28554
1,localize,频道10,0,56,0.373404,5.4657,6.5122
1,localize,频道10,0,61,0.37333,6.65568,7.68877
1,localize,频道10,0,66,0.37333,5.97692,6.10696
1,localize,频道10,0,71,0.37333,5.94242,6.0595
1,localize,频道10,0,76,0.373323,4.34789,4.77903
1,localize,频道10,0,81,0.373323,4.22517,4.52227
1,localize,频道10,0,86,0.373323,4.58806,5.48059
1,localize,频道10,0,91,0.373323,4.53689,5.0744
1,localize,频道10,0,96,0.373323,3.82364,4.14785
1,localize,频道10,0,101,0.373323,3.69717,4.02195
1,localize,频道10,0,106,0.373323,2.95165,3.31222
1,localize,频道10,0,111,0.373323,3.3852,3.41881
1,localize,频道10,0,116,0.373323,2.22896,2.26613
1,localize,频道10,0,121,0.373323,2.18114,2.39584
1,localize,频道10,0,126,0.373323,2.10014,2.01898
1,localize,频道10,0,131,0.373321,2.1256,2.27913
1,localize,频道10,0,136,0.373321,1.53877,1.55011
1,localize,频道10,0,141,0.373321,1.49183,1.5
1,localize,频道10,0,146,0.373321,1.24687,1.13936
1,localize,频道10,0,150,0.373321,0.953525,0.84867
1,localize,频道12,0,0,2.00972e-14,121.171,51.4779
1,localize,频道12,0,1,2.00972e-14,69.2156,40.0507
1,localize,频道13,0,0,0.292902,118.926,57.2601
1,localize,频道13,0,1,0.292902,61.8761,36.9664
1,localize,频道13,0,6,0.240491,8.79607,9.60124
1,localize,频道13,0,11,0.193834,6.96763,7.7848
1,localize,频道13,0,16,0.193834,7.44568,8.42164
1,localize,频道13,0,21,0.193834,7.92326,8.92143
1,localize,频道13,0,26,0.193834,6.33569,7.61747
1,localize,频道13,0,31,0.193834,4.8352,5.6786
1,localize,频道13,0,36,0.193834,6.76408,12.1463
1,localize,频道13,0,41,0.193834,6.18752,6.78099
1,localize,频道13,0,46,0.193834,5.29521,6.44748
1,localize,频道13,0,51,0.193834,4.79951,5.23712
1,localize,频道13,0,56,0.193834,4.60954,5.3621
1,localize,频道13,0,61,0.193603,6.35136,7.2876
1,localize,频道13,0,66,0.193603,5.54413,5.34258
1,localize,频道13,0,71,0.193582,5.72026,5.83185
1,localize,频道13,0,76,0.193582,4.19629,4.36977
1,localize,频道13,0,81,0.193414,3.54304,3.82297
1,localize,频道13,0,86,0.193414,3.97129,4.45384
1,localize,频道13,0,91,0.193414,4.11806,4.37114
1,localize,频道13,0,96,0.193414,3.21458,3.45209
1,localize,频道13,0,101,0.193414,3.48697,3.81662
1,localize,频道13,0,106,0.193408,2.63545,3.25087
1,localize,频道13,0,111,0.193405,3.04881,2.74613
1,localize,频道13,0,116,0.193405,2.24295,2.30185
1,localize,频道13,0,121,0.193405,1.95804,2.06072
1,localize,频道13,0,126,0.193405,1.94725,2.09248
1,localize,频道13,0,131,0.193405,1.99071,1.89238
1,localize,频道13,0,136,0.193405,1.41784,1.50316
1,localize,频道13,0,141,0.193405,1.41613,1.57186
1,localize,频道13,0,146,0.193405,1.15742,1.03972
1,localize,频道13,0,150,0.193405,0.887788,0.869073
1,localize,频道14,0,0,0.589589,123.065,59.6077
1,localize,频道14,0,1,0.589589,64.2893,44.478
1,localize,频道14,0,6,0.471416,8.99526,9.39026
1,localize,频道14,0,11,0.461661,6.72826,8.13651
1,localize,频道14,0,16,0.460072,6.74902,8.06801
1,localize,频道14,0,21,0.460072,8.16616,9.12731
1,localize,频道14,0,26,0.459873,5.64192,7.41827
1,localize,频道14,0,31,0.459873,5.03363,5.93644
1,localize,频道14,0,36,0.459873,5.68969,6.20616
1,localize,频道14,0,41,0.459873,6.41804,6.62708
1,localize,频道14,0,46,0.45978,5.55248,6.81037
1,localize,频道14,0,51,0.45978,5.11302,5.47691
1,localize,频道14,0,56,0.459697,5.13767,5.78248
1,localize,频道14,0,61,0.459697,5.92154,6.35062
1,localize,频道14,0,66,0.459697,5.33103,4.79786
1,localize,频道14,0,71,0.459697,5.30547,5.34989
1,localize,频道14,0,76,0.459697,3.92788,4.30339
1,localize,频道14,0,81,0.459689,3.94614,4.08015
1,localize,频道14,0,86,0.459689,4.04828,4.07871
1,localize,频道14,0,91,0.459689,4.15487,4.42988
1,localize,频道14,0,96,0.459689,3.70042,4.13754
1,localize,频道14,0,101,0.459689,3.40107,3.55077
1,localize,频道14,0,106,0.459689,2.95035,3.23726
1,localize,频道14,0,111,0.459689,3.28127,3.19496
1,localize,频道14,0,116,0.459689,2.14678,2.20578
1,localize,频道14,0,121,0.459688,2.05249,2.11458
1,localize,频道14,0,126,0.459688,2.09903,1.84905
1,localize,频道14,0,131,0.459686,2.11134,2.04862
1,localize,频道14,0,136,0.459686,1.47696,1.33771
1,localize,频道14,0,141,0.459686,1.41974,1.30839
1,localize,频道14,0,146,0.459684,1.3094,1.14969
1,localize,频道14,0,150,0.459684,1.04421,0.851199
1,localize,频道16,0,0,0.126743,121.33,58.829
1,localize,频道16,0,1,0.126743,67.9885,38.5242
1,localize,频道16,0,6,0.126743,14.5719,16.2042
1,localize,频道16,0,11,0.118756,13.3176,17.3562
1,localize,频道16,0,16,0.118756,13.2968,15.8407
1,localize,频道16,0,21,0.118756,17.5885,24.3084
1,localize,频道16,0,26,0.118253,12.8807,18.7144
1,localize,频道16,0,31,0.118253,11.4083,16.7285
1,localize,频道16,0,36,0.118253,12.9122,14.5492
1,localize,频道16,0,41,0.118253,13.1204,18.1897
1,localize,频道16,0,46,0.118253,11.8099,15.3063
1,localize,频道16,0,51,0.118253,9.87413,12.5093
1,localize,频道16,0,56,0.118253,10.705,15.0675
1,localize,频道16,0,61,0.118205,13.679,19.5996
1,localize,频道16,0,66,0.118205,10.9182,12.5523
1,localize,频道16,0,71,0.117318,12.1245,15.4071
1,localize,频道16,0,76,0.116613,7.76943,9.64317
1,localize,频道16,0,81,0.116613,8.52786,9.73251
1,localize,频道16,0,86,0.116613,10.5778,14.4926
1,localize,频道16,0,91,0.116589,9.38692,15.118
1,localize,频道16,0,96,0.116589,7.64315,9.08676
1,localize,频道16,0,101,0.116017,6.67092,8.50789
1,localize,频道16,0,106,0.115934,5.56514,7.79212
1,localize,频道16,0,111,0.115826,5.75489,6.03862
1,localize,频道16,0,116,0.115826,4.43933,5.95392
1,localize,频道16,0,121,0.115826,4.08534,6.27438
1,localize,频道16,0,126,0.11507,3.84378,3.86309
1,localize,频道16,0,131,0.115013,4.25975,4.74983
1,localize,频道16,0,136,0.115013,2.48748,2.99828
1,localize,频道16,0,141,0.115013,2.70267,3.64142
1,localize,频道16,0,146,0.115013,2.39599,3.12957
1,localize,频道16,0,150,0.115013,1.79897,2.30737
1,localize,频道18,0,0,0.417832,121.871,54.8141
1,localize,频道18,0,1,0.417832,72.7086,34.5591
1,localize,频道18,0,6,0.417832,17.1916,16.0116
1,localize,频道18,0,11,0.417832,19.7223,22.3798
1,localize,频道18,0,16,0.308798,19.162,21.1549
1,localize,频道18,0,21,0.308798,20.4098,22.5511
1,localize,频道18,0,26,0.308798,17.669,19.4672
1,localize,频道18,0,31,0.308798,14.703,18.5916
1,localize,频道18,0,36,0.307421,15.9958,18.253
1,localize,频道18,0,41,0.300321,18.0828,21.6677
1,localize,频道18,0,46,0.300056,16.7087,19.5977
1,localize,频道18,0,51,0.300056,14.8433,18.2539
1,localize,频道18,0,56,0.300056,16.5732,19.733
1,localize,频道18,0,61,0.299922,14.7473,14.2077
1,localize,频道18,0,66,0.299922,18.3358,18.2914
1,localize,频道18,0,71,0.299922,14.5524,15.1143
1,localize,频道18,0,76,0.299922,14.1448,16.6167
1,localize,频道18,0,81,0.299922,13.4626,17.0833
1,localize,频道18,0,86,0.299922,12.5113,15.1274
1,localize,频道18,0,91,0.299922,12.6514,17.7075
1,localize,频道18,0,96,0.299922,14.7873,18.6191
1,localize,频道18,0,101,0.299922,11.8581,15.499
1,localize,频道18,0,106,0.299922,8.16041,9.95658
1,localize,频道18,0,111,0.299922,13.0458,18.0073
1,localize,频道18,0,116,0.299922,6.98437,8.87439
1,localize,频道18,0,121,0.299881,7.96905,11.1695
1,localize,频道18,0,126,0.299881,7.22643,9.48877
1,localize,频道18,0,131,0.299878,6.24709,7.60964
1,localize,频道18,0,136,0.299878,5.42691,6.9083
1,localize,频道18,0,141,0.299878,5.11207,7.00876
1,localize,频道18,0,146,0.299878,4.65653,5.62412
1,localize,频道18,0,150,0.299875,3.01199,3.67481
1,localize,频道20,0,0,0.486392,134.56,63.6935
1,localize,频道20,0,1,0.486392,71.457,46.5606
1,localize,频道20,0,6,0.486392,9.369,10.7939
1,localize,频道20,0,11,0.467687,8.12622,8.89697
1,localize,频道20,0,16,0.460832,9.01113,11.3083
1,localize,频道20,0,21,0.460832,9.35071,10.5439
1,localize,频道20,0,26,0.460832,6.67191,8.25341
1,localize,频道20,0,31,0.460386,5.67076,7.16842
1,localize,频道20,0,36,0.460386,6.99765,8.64289
1,localize,频道20,0,41,0.460386,7.02951,8.11853
1,localize,频道20,0,46,0.460386,5.47613,6.37559
1,localize,频道20,0,51,0.460386,6.08162,7.43377
1,localize,频道20,0,56,0.460386,5.24664,5.80408
1,localize,频道20,0,61,0.460386,7.32806,8.23801
1,localize,频道20,0,66,0.460377,5.98674,6.46495
1,localize,频道20,0,71,0.460377,6.46964,6.66828
1,localize,频道20,0,76,0.460377,4.35329,4.98234
1,localize,频道20,0,81,0.46032,4.17732,4.23784
1,localize,频道20,0,86,0.46032,4.54324,5.33168
1,localize,频道20,0,91,0.46032,4.5975,5.28193
1,localize,频道20,0,96,0.46032,3.9253,3.81464
1,localize,频道20,0,101,0.460308,3.69305,3.85682
1,localize,频道20,0,106,0.460307,3.02575,3.27913
1,localize,频道20,0,111,0.460307,3.30348,3.1456
1,localize,频道20,0,116,0.460307,2.53333,2.72259
1,localize,频道20,0,121,0.460307,2.30758,2.55195
1,localize,频道20,0,126,0.460307,2.29858,2.40883
1,localize,频道20,0,131,0.460307,2.30673,2.2272
1,localize,频道20,0,136,0.460303,1.67342,1.78552
1,localize,频道20,0,141,0.460302,1.57015,1.45494
1,localize,频道20,0,146,0.460302,1.40665,1.1573
1,localize,频道20,0,150,0.460302,1.07987,0.947258
1,route,清除顺序,1367864807,0,11298.2,27114.8,3010.9
1,route,清除顺序,1367864807,1,11298.2,24778.3,3613.85
1,route,清除顺序,1367864807,6,11298.2,17372.8,3102.81
1,route,清除顺序,1367864807,11,11280.9,15366.9,2552.38
1,route,清除顺序,1367864807,16,10780.3,14172.1,2721.69
1,route,清除顺序,1367864807,21,10780.3,13642.6,2560
1,route,清除顺序,1367864807,26,10780.3,14226.9,2975.87
1,route,清除顺序,1367864807,31,10780.3,13202.6,2607.59
1,route,清除顺序,1367864807,36,10780.3,13441.7,2850.25
1,route,清除顺序,1367864807,41,10780.3,13651.3,2985.19
1,route,清除顺序,1367864807,46,10780.3,13515.9,2689.25
1,route,清除顺序,1367864807,51,10780.3,13527.7,2707.76
1,route,清除顺序,1367864807,56,10780.3,13093.8,2481.17
1,route,清除顺序,1367864807,61,10780.3,13432.7,2871.29
1,route,清除顺序,1367864807,66,10780.3,12725.1,2455.39
1,route,清除顺序,1367864807,71,10780.3,13281,2717.26
1,route,清除顺序,1367864807,76,10780.3,13177.3,2282.31
1,route,清除顺序,1367864807,81,10305.5,12675.8,2297.2
1,route,清除顺序,1367864807,86,10305.5,13515.2,2894.03
1,route,清除顺序,1367864807,91,10305.5,14252.4,2912.49
1,route,清除顺序,1367864807,96,10229,12474.9,2501.76
1,route,清除顺序,1367864807,101,10229,12674.2,2784.32
1,route,清除顺序,1367864807,106,10229,12555.2,2543.19
1,route,清除顺序,1367864807,111,10229,12111.9,2388.71
1,route,清除顺序,1367864807,116,10229,12156.3,2486.73
1,route,清除顺序,1367864807,121,10229,12168.8,2525.67
1,route,清除顺序,1367864807,126,10229,12110.9,2615.22
1,route,清除顺序,1367864807,131,10229,11864.2,2229.41
1,route,清除顺序,1367864807,136,10229,12802.2,2907.36
1,route,清除顺序,1367864807,141,10229,11643.4,1979.65
1,route,清除顺序,1367864807,146,10229,11973.2,2378.56
1,route,清除顺序,1367864807,151,10229,12124.5,2374.59
1,route,清除顺序,1367864807,156,10229,12107.8,2310.66
1,route,清除顺序,1367864807,161,10229,11977,2166.61
1,route,清除顺序,1367864807,166,10229,11824.2,2394.79
1,route,清除顺序,1367864807,171,10229,12109.6,2483.94
1,route,清除顺序,1367864807,176,10229,11767.7,2159.83
1,route,清除顺序,1367864807,181,10229,12035.6,2666.25
1,route,清除顺序,1367864807,186,10229,12239.4,2559.31
1,route,清除顺序,1367864807,191,10229,11674,2132.36
1,route,清除顺序,1367864807,196,10229,11802.3,2499.86
1,route,清除顺序,1367864807,201,10229,12010.2,2370.22
1,route,清除顺序,1367864807,206,10229,12075.1,2635.92
1,route,清除顺序,1367864807,211,10229,11932.8,2251.55
1,route,清除顺序,1367864807,216,10229,11564,2105.52
1,route,清除顺序,1367864807,221,10229,11881.1,2251.25
1,route,清除顺序,1367864807,226,10229,11656.2,2285.46
1,route,清除顺序,1367864807,231,10229,11386.5,1760.72
1,route,清除顺序,1367864807,236,10229,11446.2,2210.08
1,route,清除顺序,1367864807,241,10229,11390.8,2062.67
1,route,清除顺序,1367864807,246,10229,11642.7,2094.14
1,route,清除顺序,1367864807,251,10229,11511,2193.08
1,route,清除顺序,1367864807,256,10229,11739.2,2418.23
1,route,清除顺序,1367864807,261,10229,11756.1,2384.98
1,route,清除顺序,1367864807,266,10229,11264.3,1984.59
1,route,清除顺序,1367864807,271,10229,11089.1,1731.41
1,route,清除顺序,1367864807,276,10229,11488.4,2196.46
1,route,清除顺序,1367864807,281,10229,11377.8,1948.29
1,route,清除顺序,1367864807,286,10229,11208.6,2085.34
1,route,清除顺序,1367864807,291,10229,11748.3,2412.62
1,route,清除顺序,1367864807,296,10229,11756.6,2486.56
1,route,清除顺序,1367864807,300,10229,11303.7,1926.76
2,route,覆盖路点巡回,1016164991,0,8599.14,14452.3,1587.07
2,route,覆盖路点巡回,1016164991,1,8599.14,13658.9,1702.51
2,route,覆盖路点巡回,1016164991,6,8599.14,11946.2,1678.74
2,route,覆盖路点巡回,1016164991,11,8599.14,11031.9,1840.6
2,route,覆盖路点巡回,1016164991,16,8599.14,11527.4,1985.42
2,route,覆盖路点巡回,1016164991,21,8599.14,11347.8,1832.27
2,route,覆盖路点巡回,1016164991,26,8599.14,11127.7,2005.41
2,route,覆盖路点巡回,1016164991,31,8599.14,10337.3,1594.35
2,route,覆盖路点巡回,1016164991,36,8599.14,10784.1,1673.41
2,route,覆盖路点巡回,1016164991,41,8599.14,10302.3,1381.91
2,route,覆盖路点巡回,1016164991,46,8599.14,10487.6,1601.52
2,route,覆盖路点巡回,1016164991,51,8599.14,10488.9,1783.52
2,route,覆盖路点巡回,1016164991,56,8599.14,10973.6,1944.65
2,route,覆盖路点巡回,1016164991,61,8599.14,11044.7,1744.04
2,route,覆盖路点巡回,1016164991,66,8599.14,10335.5,1769.03
2,route,覆盖路点巡回,1016164991,71,8599.14,10426.7,1649.75
2,route,覆盖路点巡回,1016164991,76,8599.14,10597.2,1804.72
2,route,覆盖路点巡回,1016164991,81,8599.14,10494,1821.85
2,route,覆盖路点巡回,1016164991,86,8599.14,10400.2,1675.34
2,route,覆盖路点巡回,1016164991,91,8599.14,10925.9,1776.31
2,route,覆盖路点巡回,1016164991,96,8599.14,10513,1671.48
2,route,覆盖路点巡回,1016164991,101,8599.14,10638.6,1712.15
2,route,覆盖路点巡回,1016164991,106,8599.14,10177.8,1573.85
2,route,覆盖路点巡回,1016164991,111,8599.14,10257.5,1719.48
2,route,覆盖路点巡回,1016164991,116,8599.14,10272.5,1689.77
2,route,覆盖路点巡回,1016164991,121,8599.14,10036.8,1568.25
2,route,覆盖路点巡回,1016164991,126,8599.14,10113.7,1685.67
2,route,覆盖路点巡回,1016164991,131,8599.14,10142.9,1708.03
2,route,覆盖路点巡回,1016164991,136,8599.14,10183.9,1706.11
2,route,覆盖路点巡回,1016164991,141,8599.14,9844.77,1524.12
2,route,覆盖路点巡回,1016164991,146,8599.14,10035.7,1564.41
2,route,覆盖路点巡回,1016164991,151,8599.14,9858.71,1675.13
2,route,覆盖路点巡回,1016164991,156,8599.14,10122.3,1597.63
2,route,覆盖路点巡回,1016164991,161,8599.14,10279.5,1933.65
2,route,覆盖路点巡回,1016164991,166,8599.14,10160.7,1600.37
2,route,覆盖路点巡回,1016164991,171,8599.14,10269.1,1807.59
2,route,覆盖路点巡回,1016164991,176,8599.14,10009.8,1714.75
2,route,覆盖路点巡回,1016164991,181,8599.14,10124.6,1716.24
2,route,覆盖路点巡回,1016164991,186,8599.14,9978.02,1533.14
2,route,覆盖路点巡回,1016164991,191,8599.14,9746.81,1576.56
2,route,覆盖路点巡回,1016164991,196,8599.14,9702.15,1392.14
2,route,覆盖路点巡回,1016164991,201,8599.14,9499.29,1274.93
2,route,覆盖路点巡回,1016164991,206,8599.14,9612.13,1490.81
2,route,覆盖路点巡回,1016164991,211,8599.14,10249,1806.02
2,route,覆盖路点巡回,1016164991,216,8599.14,9532.02,1351.46
2,route,覆盖路点巡回,1016164991,221,8599.14,9918.73,1691.97
2,route,覆盖路点巡回,1016164991,226,8599.14,9459.02,1393.35
2,route,覆盖路点巡回,1016164991,231,8599.14,9514.4,1379.08
2,route,覆盖路点巡回,1016164991,236,8599.14,9729.84,1499.44
2,route,覆盖路点巡回,1016164991,241,8599.14,9656.42,1635.28
2,route,覆盖路点巡回,1016164991,246,8599.14,9644.91,1463.73
2,route,覆盖路点巡回,1016164991,251,8599.14,9760.71,1569.69
2,route,覆盖路点巡回,1016164991,256,8599.14,9619.64,1510.03
2,route,覆盖路点巡回,1016164991,261,8599.14,9360.03,1369.54
2,route,覆盖路点巡回,1016164991,266,8599.14,9572.87,1526.73
2,route,覆盖路点巡回,1016164991,271,8599.14,9632.24,1586.77
2,route,覆盖路点巡回,1016164991,276,8599.14,9499.71,1236.39
2,route,覆盖路点巡回,1016164991,281,8599.14,9429.98,1456.13
2,route,覆盖路点巡回,1016164991,286,8599.14,9290.83,1328.12
2,route,覆盖路点巡回,1016164991,291,8599.14,9452.67,1318.44
2,route,覆盖路点巡回,1016164991,296,8599.14,9402.9,1386.29
2,route,覆盖路点巡回,1016164991,300,8599.14,9329.44,1285.51
2,localize,频道3,1,0,0.512829,127.16,62.5656
2,localize,频道3,1,1,0.512829,66.7254,43.06
2,localize,频道3,1,6,0.434058,8.51591,11.3819
2,localize,频道3,1,11,0.416136,8.00778,7.78719
2,localize,频道3,1,16,0.408041,6.40181,7.0304
2,localize,频道3,1,21,0.408026,6.76891,10.0032
2,localize,频道3,1,26,0.407225,4.48634,6.689
2,localize,频道3,1,31,0.407126,6.10207,7.56317
2,localize,频道3,1,36,0.407126,5.15596,5.82878
2,localize,频道3,1,41,0.407126,4.74827,5.23377
2,localize,频道3,1,46,0.407126,6.19066,6.94978
2,localize,频道3,1,51,0.407126,5.8155,6.47656
2,localize,频道3,1,56,0.40712,6.26481,6.08022
2,localize,频道3,1,61,0.40712,5.83601,6.22397
2,localize,频道3,1,66,0.40712,4.823,5.90874
2,localize,频道3,1,71,0.407101,4.69915,5.08891
2,localize,频道3,1,76,0.407101,6.85835,6.60724
2,localize,频道3,1,81,0.407101,4.68778,5.14027
2,localize,频道3,1,86,0.4071,4.89621,4.55873
2,localize,频道3,1,91,0.4071,4.56007,4.38353
2,localize,频道3,1,96,0.4071,2.81458,3.30709
2,localize,频道3,1,101,0.4071,2.23446,2.61483
2,localize,频道3,1,106,0.4071,3.12171,2.93378
2,localize,频道3,1,111,0.4071,2.77988,2.72053
2,localize,频道3,1,116,0.4071,3.1868,3.25347
2,localize,频道3,1,121,0.4071,2.14675,2.34459
2,localize,频道3,1,126,0.4071,2.04407,1.7146
2,localize,频道3,1,131,0.407099,1.9995,2.27868
2,localize,频道3,1,136,0.407099,1.98461,1.91939
2,localize,频道3,1,141,0.407099,1.58883,1.39459
2,localize,频道3,1,146,0.407099,1.20317,1.1303
2,localize,频道3,1,150,0.407099,1.07414,1.02083
2,localize,频道4,1,0,0,104.878,36.3683
2,localize,频道4,1,1,0,76.8213,34.1755
2,localize,频道7,1,0,0.21804,132.621,65.7445
2,localize,频道7,1,1,0.21804,65.0403,47.1569
2,localize,频道7,1,6,0.204952,7.04139,8.46131
2,localize,频道7,1,11,0.193916,7.03496,7.68311
2,localize,频道7,1,16,0.193158,5.64306,5.65595
2,localize,频道7,1,21,0.193158,5.42093,6.69336
2,localize,频道7,1,26,0.193158,3.96056,7.15908
2,localize,频道7,1,31,0.192875,6.2636,8.02993
2,localize,频道7,1,36,0.192856,4.58697,5.43284
2,localize,频道7,1,41,0.192813,3.65416,4.38628
2,localize,频道7,1,46,0.192788,5.13685,5.59986
2,localize,频道7,1,51,0.192788,5.23666,6.28639
2,localize,频道7,1,56,0.192788,5.76792,6.07871
2,localize,频道7,1,61,0.192788,4.92736,5.16112
2,localize,频道7,1,66,0.192758,4.30663,5.3517
2,localize,频道7,1,71,0.192752,4.02963,4.75448
2,localize,频道7,1,76,0.192752,5.7031,5.91989
2,localize,频道7,1,81,0.192752,4.17933,4.51527
2,localize,频道7,1,86,0.192752,3.86553,3.85242
2,localize,频道7,1,91,0.192752,3.84232,4.28505
2,localize,频道7,1,96,0.192752,2.46824,2.76641
2,localize,频道7,1,101,0.192752,1.89578,2.44182
2,localize,频道7,1,106,0.192752,2.86175,2.84741
2,localize,频道7,1,111,0.192752,2.38994,2.41537
2,localize,频道7,1,116,0.192752,3.05709,2.92933
2,localize,频道7,1,121,0.192752,1.75323,1.88209
2,localize,频道7,1,126,0.192752,1.7268,1.66093
2,localize,频道7,1,131,0.192751,1.64117,1.86886
2,localize,频道7,1,136,0.192751,1.42429,1.4703
2,localize,频道7,1,141,0.192751,1.30698,1.12566
2,localize,频道7,1,146,0.192751,0.911767,0.87578
2,localize,频道7,1,150,0.192751,0.801177,0.816493
2,localize,频道8,1,0,0.261094,129.547,62.8382
2,localize,频道8,1,1,0.261094,69.0895,51.7884
2,localize,频道8,1,6,0.250051,8.77954,15.5173
2,localize,频道8,1,11,0.23712,8.04473,8.81448
2,localize,频道8,1,16,0.23712,6.32761,7.20502
2,localize,频道8,1,21,0.23712,7.30696,10.7296
2,localize,频道8,1,26,0.23712,4.54199,7.25564
2,localize,频道8,1,31,0.237066,6.26744,8.19686
2,localize,频道8,1,36,0.237066,5.4198,6.83083
2,localize,频道8,1,41,0.237066,4.15436,5.07222
2,localize,频道8,1,46,0.237066,5.58626,7.34983
2,localize,频道8,1,51,0.237066,5.8653,6.77648
2,localize,频道8,1,56,0.237066,6.78535,6.9632
2,localize,频道8,1,61,0.237066,4.86641,5.94354
2,localize,频道8,1,66,0.237066,5.09997,6.52007
2,localize,频道8,1,71,0.237066,4.60918,5.50526
2,localize,频道8,1,76,0.237066,6.04706,6.68975
2,localize,频道8,1,81,0.237053,4.96456,5.32877
2,localize,频道8,1,86,0.237053,4.18833,4.67063
2,localize,频道8,1,91,0.237053,4.18962,4.81985
2,localize,频道8,1,96,0.237053,3.00788,3.31182
2,localize,频道8,1,101,0.237053,2.21631,2.7417
2,localize,频道8,1,106,0.237053,3.64564,3.97686
2,localize,频道8,1,111,0.237053,2.80145,3.09817
2,localize,频道8,1,116,0.237053,3.7702,4.54047
2,localize,频道8,1,121,0.237053,2.13061,2.54747
2,localize,频道8,1,126,0.237053,2.14281,2.28979
2,localize,频道8,1,131,0.237053,1.80674,2.02165
2,localize,频道8,1,136,0.237053,1.69701,1.81176
2,localize,频道8,1,141,0.237053,1.46373,1.45123
2,localize,频道8,1,146,0.237053,1.08176,1.02078
2,localize,频道8,1,150,0.237053,0.842176,0.789419
2,localize,频道9,1,0,2.00972e-14,130.711,54.4055
2,localize,频道9,1,1,2.00972e-14,77.581,44.8103
2,localize,频道11,1,0,0.139531,117.062,62.3269
2,localize,频道11,1,1,0.139531,52.1988,41.5235
2,localize,频道11,1,6,0.114255,6.79327,9.77933
2,localize,频道11,1,11,0.114255,5.95819,6.37394
2,localize,频道11,1,16,0.114255,4.78726,5.04491
2,localize,频道11,1,21,0.113715,4.79502,6.14062
2,localize,频道11,1,26,0.112107,3.31167,5.03411
2,localize,频道11,1,31,0.111598,5.34407,7.10229
2,localize,频道11,1,36,0.111584,3.85293,4.42683
2,localize,频道11,1,41,0.111584,3.48261,3.92424
2,localize,频道11,1,46,0.111584,4.39305,4.75415
2,localize,频道11,1,51,0.111584,4.64667,5.68263
2,localize,频道11,1,56,0.111576,4.84736,4.91373
2,localize,频道11,1,61,0.111576,4.16777,4.47471
2,localize,频道11,1,66,0.111576,3.70863,4.39387
2,localize,频道11,1,71,0.111576,3.66901,4.39322
2,localize,频道11,1,76,0.111576,5.04304,5.08318
2,localize,频道11,1,81,0.111576,3.39192,3.52191
2,localize,频道11,1,86,0.111569,3.52311,3.47232
2,localize,频道11,1,91,0.111569,3.07661,3.02886
2,localize,频道11,1,96,0.111569,2.06868,2.4967
2,localize,频道11,1,101,0.111569,1.64573,2.02943
2,localize,频道11,1,106,0.111569,2.42294,2.36939
2,localize,频道11,1,111,0.111569,1.92662,2.05531
2,localize,频道11,1,116,0.111569,2.54464,2.8499
2,localize,频道11,1,121,0.111569,1.48947,1.70266
2,localize,频道11,1,126,0.111569,1.4904,1.45889
2,localize,频道11,1,131,0.111569,1.41079,1.68867
2,localize,频道11,1,136,0.111569,1.28822,1.34173
2,localize,频道11,1,141,0.111569,1.08061,1.00417
2,localize,频道11,1,146,0.111569,0.736723,0.747326
2,localize,频道11,1,150,0.111569,0.644249,0.669985
2,localize,频道13,1,0,0,146.896,53.7377
2,localize,频道13,1,1,0,96.8523,50.1103
2,localize,频道14,1,0,0.507285,130.954,66.3495
2,localize,频道14,1,1,0.507285,63.8127,46.4704
2,localize,频道14,1,6,0.451923,6.59601,8.93417
2,localize,频道14,1,11,0.380489,5.92984,6.08841
2,localize,频道14,1,16,0.377262,5.08798,4.84683
2,localize,频道14,1,21,0.376326,4.83166,6.41509
2,localize,频道14,1,26,0.37532,3.53047,5.88018
2,localize,频道14,1,31,0.37509,5.51218,7.2318
2,localize,频道14,1,36,0.375077,3.96251,4.62142
2,localize,频道14,1,41,0.375077,3.52234,4.21802
2,localize,频道14,1,46,0.375069,4.38644,4.97521
2,localize,频道14,1,51,0.375062,4.56605,5.22901
2,localize,频道14,1,56,0.375062,5.1832,5.02691
2,localize,频道14,1,61,0.375062,4.20211,4.3026
2,localize,频道14,1,66,0.375062,3.87795,4.61358
2,localize,频道14,1,71,0.375062,3.62928,4.10799
2,localize,频道14,1,76,0.375062,5.24963,5.05479
2,localize,频道14,1,81,0.375062,3.4657,3.83756
2,localize,频道14,1,86,0.375062,3.41592,3.12333
2,localize,频道14,1,91,0.375062,3.31423,3.34894
2,localize,频道14,1,96,0.375062,2.15726,2.46096
2,localize,频道14,1,101,0.375062,1.65905,1.9657
2,localize,频道14,1,106,0.375062,2.38609,2.15454
2,localize,频道14,1,111,0.375062,2.04442,1.93397
2,localize,频道14,1,116,0.375062,2.4733,2.48773
2,localize,频道14,1,121,0.375062,1.52163,1.65953
2,localize,频道14,1,126,0.375062,1.5007,1.25467
2,localize,频道14,1,131,0.375061,1.49048,1.58305
2,localize,频道14,1,136,0.37506,1.3347,1.35567
2,localize,频道14,1,141,0.37506,1.11101,0.866137
2,localize,频道14,1,146,0.37506,0.9236,0.738293
2,localize,频道14,1,150,0.37506,0.814465,0.623237
2,localize,频道16,1,0,0.339325,129.768,64.6437
2,localize,频道16,1,1,0.339325,64.369,46.9334
2,localize,频道16,1,6,0.339325,9.04001,14.9218
2,localize,频道16,1,11,0.309223,7.50334,7.21637
2,localize,频道16,1,16,0.304169,6.03495,6.4581
2,localize,频道16,1,21,0.303154,6.15774,7.8585
2,localize,频道16,1,26,0.303116,4.40949,6.96583
2,localize,频道16,1,31,0.303095,6.62,8.80513
2,localize,频道16,1,36,0.303095,4.93045,5.79744
2,localize,频道16,1,41,0.303095,4.29434,5.30895
2,localize,频道16,1,46,0.303095,5.49464,6.45877
2,localize,频道16,1,51,0.303095,5.85282,6.78562
2,localize,频道16,1,56,0.303095,6.19529,6.14146
2,localize,频道16,1,61,0.303095,5.17398,5.58479
2,localize,频道16,1,66,0.303095,4.40536,5.57481
2,localize,频道16,1,71,0.303095,4.48219,5.03015
2,localize,频道16,1,76,0.303095,5.97867,6.6675
2,localize,频道16,1,81,0.303095,4.383,4.60599
2,localize,频道16,1,86,0.303095,4.26044,4.29181
2,localize,频道16,1,91,0.303095,3.84283,3.95803
2,localize,频道16,1,96,0.303095,2.5461,2.95548
2,localize,频道16,1,101,0.303095,2.00788,2.49137
2,localize,频道16,1,106,0.303095,3.13059,2.91265
2,localize,频道16,1,111,0.303095,2.52714,2.55568
2,localize,频道16,1,116,0.303095,3.11476,3.32892
2,localize,频道16,1,121,0.303095,1.77543,1.99948
2,localize,频道16,1,126,0.303095,1.90865,1.68233
2,localize,频道16,1,131,0.303095,1.81387,1.95699
2,localize,频道16,1,136,0.303095,1.51493,1.53814
2,localize,频道16,1,141,0.303095,1.42086,1.24201
2,localize,频道16,1,146,0.303095,1.0121,0.890496
2,localize,频道16,1,150,0.303095,0.922243,0.871648
2,localize,频道17,1,0,4.01944e-14,137.795,53.7963
2,localize,频道17,1,1,4.01944e-14,83.7089,46.7319
2,localize,频道19,1,0,0.403412,136.236,65.9911
2,localize,频道19,1,1,0.312999,71.464,50.9153
2,localize,频道19,1,6,0.293439,8.13166,12.2445
2,localize,频道19,1,11,0.293439,6.76312,7.71759
2,localize,频道19,1,16,0.27161,5.44744,6.51477
2,localize,频道19,1,21,0.27161,6.15123,8.19592
2,localize,频道19,1,26,0.27161,4.06835,6.44913
2,localize,频道19,1,31,0.27161,5.5186,7.24174
2,localize,频道19,1,36,0.271154,4.48533,5.44082
2,localize,频道19,1,41,0.271154,3.82711,4.9082
2,localize,频道19,1,46,0.271065,5.07801,6.36068
2,localize,频道19,1,51,0.271065,4.72822,4.84085
2,localize,频道19,1,56,0.271047,5.83489,5.88495
2,localize,频道19,1,61,0.271047,4.35775,5.33142
2,localize,频道19,1,66,0.271047,4.36954,5.79639
2,localize,频道19,1,71,0.271047,3.9741,4.77411
2,localize,频道19,1,76,0.271047,5.32419,5.21677
2,localize,频道19,1,81,0.271047,4.35593,5.04061
2,localize,频道19,1,86,0.271045,3.50246,3.78164
2,localize,频道19,1,91,0.271045,3.49745,3.96125
2,localize,频道19,1,96,0.271045,2.37712,2.75443
2,localize,频道19,1,101,0.271045,1.90487,2.35184
2,localize,频道19,1,106,0.271045,3.10385,3.28497
2,localize,频道19,1,111,0.271045,2.35736,2.67289
2,localize,频道19,1,116,0.271045,2.99821,3.40625
2,localize,频道19,1,121,0.271045,1.70735,2.16236
2,localize,频道19,1,126,0.271036,1.69363,1.82911
2,localize,频道19,1,131,0.271036,1.50062,1.56107
2,localize,频道19,1,136,0.271036,1.47724,1.46124
2,localize,频道19,1,141,0.271036,1.24385,1.13226
2,localize,频道19,1,146,0.271036,0.938504,0.819853
2,localize,频道19,1,150,0.271036,0.745264,0.638207
2,route,清除顺序,1099128569,0,11308.5,22335.4,2654.85
2,route,清除顺序,1099128569,1,11308.5,20804.9,2719.67
2,route,清除顺序,1099128569,6,11303,16845.7,2941.41
2,route,清除顺序,1099128569,11,10450.8,16018.5,2866.4
2,route,清除顺序,1099128569,16,10333,14544.7,2651.5
2,route,清除顺序,1099128569,21,10333,14262.6,2773.36
2,route,清除顺序,1099128569,26,10333,13290.5,2796.08
2,route,清除顺序,1099128569,31,10333,13455.4,2614.07
2,route,清除顺序,1099128569,36,10333,13074.8,2639.97
2,route,清除顺序,1099128569,41,10333,13030.2,2587.58
2,route,清除顺序,1099128569,46,10333,12517.5,2387.65
2,route,清除顺序,1099128569,51,10333,12854.6,2968.07
2,route,清除顺序,1099128569,56,10333,13296.4,2787.02
2,route,清除顺序,1099128569,61,10333,12626.5,2496.57
2,route,清除顺序,1099128569,66,10333,13343.3,2957.86
2,route,清除顺序,1099128569,71,10333,13679.2,2725.38
2,route,清除顺序,1099128569,76,10333,12509.3,2156.89
2,route,清除顺序,1099128569,81,10333,12713.6,2526.62
2,route,清除顺序,1099128569,86,10333,13157.4,3039.71
2,route,清除顺序,1099128569,91,10333,12539.6,2803.59
2,route,清除顺序,1099128569,96,10333,12524.3,2732.75
2,route,清除顺序,1099128569,101,10333,12307,2686.43
2,route,清除顺序,1099128569,106,10333,12286.3,2602.14
2,route,清除顺序,1099128569,111,10333,12401.3,2771.19
2,route,清除顺序,1099128569,116,10333,13050.5,3221.1
2,route,清除顺序,1099128569,121,10333,11918.4,2238.82
2,route,清除顺序,1099128569,126,10333,12720.2,2723.76
2,route,清除顺序,1099128569,131,10333,12998.1,2736.34
2,route,清除顺序,1099128569,136,10333,12866.4,3105.64
2,route,清除顺序,1099128569,141,10333,12586.8,3143.05
2,route,清除顺序,1099128569,146,10333,12769.8,2884.16
2,route,清除顺序,1099128569,151,10333,11980.1,2543.24
2,route,清除顺序,1099128569,156,10333,11681.9,2158.77
2,route,清除顺序,1099128569,161,10333,12300.2,2746.37
2,route,清除顺序,1099128569,166,10333,12098,2672.01
2,route,清除顺序,1099128569,171,10333,12199.4,2408.41
2,route,清除顺序,1099128569,176,10333,11938.2,2443.42
2,route,清除顺序,1099128569,181,10333,11645.1,2055.98
2,route,清除顺序,1099128569,186,10333,12035,2510.86
2,route,清除顺序,1099128569,191,10333,12175.9,2420.76
2,route,清除顺序,1099128569,196,10333,12123.6,2615.35
2,route,清除顺序,1099128569,201,10333,12409.1,2758.05
2,route,清除顺序,1099128569,206,10333,12094.3,2484.76
2,route,清除顺序,1099128569,211,10333,11993.7,2308.8
2,route,清除顺序,1099128569,216,10333,11937.3,2573.98
2,route,清除顺序,1099128569,221,10333,12253.1,2680.39
2,route,清除顺序,1099128569,226,10333,11570.2,1915.25
2,route,清除顺序,1099128569,231,10333,11906.8,2216.57
2,route,清除顺序,1099128569,236,10333,12243.8,2702.49
2,route,清除顺序,1099128569,241,10333,11949.7,2509.26
2,route,清除顺序,1099128569,246,10333,11721.6,2404.14
2,route,清除顺序,1099128569,251,10333,11540,2066.72
2,route,清除顺序,1099128569,256,10333,11884.6,2246.88
2,route,清除顺序,1099128569,261,10333,11446.4,2131.52
2,route,清除顺序,1099128569,266,10333,11634.5,1994.37
2,route,清除顺序,1099128569,271,10333,11411.5,1785.08
2,route,清除顺序,1099128569,276,10333,11522,2370.54
2,route,清除顺序,1099128569,281,10333,11587,2121.85
2,route,清除顺序,1099128569,286,10333,11616.4,2258.99
2,route,清除顺序,1099128569,291,10333,11529.1,2009.25
2,route,清除顺序,1099128569,296,10333,11200.7,1732
2,route,清除顺序,1099128569,300,10333,11405,1836.09
3,route,覆盖路点巡回,1798679648,0,8599.14,14442.5,1728.56
3,route,覆盖路点巡回,1798679648,1,8599.14,13393.6,1523.02
3,route,覆盖路点巡回,1798679648,6,8599.14,12290,2008.56
3,route,覆盖路点巡回,1798679648,11,8599.14,11251.2,1767.31
3,route,覆盖路点巡回,1798679648,16,8599.14,10868,1885.47
3,route,覆盖路点巡回,1798679648,21,8599.14,10986.6,1842.25
3,route,覆盖路点巡回,1798679648,26,8599.14,10751.8,1765.18
3,route,覆盖路点巡回,1798679648,31,8599.14,10767.1,1885.35
3,route,覆盖路点巡回,1798679648,36,8599.14,10670.3,1846.57
3,route,覆盖路点巡回,1798679648,41,8599.14,10658.2,1913.24
3,route,覆盖路点巡回,1798679648,46,8599.14,10683,1781.33
3,route,覆盖路点巡回,1798679648,51,8599.14,10194.3,1705.77
3,route,覆盖路点巡回,1798679648,56,8599.14,10784.6,1707.57
3,route,覆盖路点巡回,1798679648,61,8599.14,11276.4,2030.66
3,route,覆盖路点巡回,1798679648,66,8599.14,10857.3,1833.58
3,route,覆盖路点巡回,1798679648,71,8599.14,10524.9,1678.92
3,route,覆盖路点巡回,1798679648,76,8599.14,10718.6,1714.61
3,route,覆盖路点巡回,1798679648,81,8599.14,10831.5,1731.97
3,route,覆盖路点巡回,1798679648,86,8599.14,10292.7,2018.65
3,route,覆盖路点巡回,1798679648,91,8599.14,10171.6,1834.91
3,route,覆盖路点巡回,1798679648,96,8599.14,10018.7,1530.59
3,route,覆盖路点巡回,1798679648,101,8599.14,10399.9,1733.89
3,route,覆盖路点巡回,1798679648,106,8599.14,10091.1,1640.25
3,route,覆盖路点巡回,1798679648,111,8599.14,10419.6,1852.35
3,route,覆盖路点巡回,1798679648,116,8599.14,10312.3,1761.7
3,route,覆盖路点巡回,1798679648,121,8599.14,10233.1,1650.05
3,route,覆盖路点巡回,1798679648,126,8599.14,10179.8,1682.92
3,route,覆盖路点巡回,1798679648,131,8599.14,10119,1687.06
3,route,覆盖路点巡回,1798679648,136,8599.14,10101.9,1647.59
3,route,覆盖路点巡回,1798679648,141,8599.14,10444.4,1872.45
3,route,覆盖路点巡回,1798679648,146,8599.14,10243.2,1770.14
3,route,覆盖路点巡回,1798679648,151,8599.14,10512.6,1869.16
3,route,覆盖路点巡回,1798679648,156,8599.14,10170.6,1546.61
3,route,覆盖路点巡回,1798679648,161,8599.14,10124.2,1516.01
3,route,覆盖路点巡回,1798679648,166,8599.14,10012.7,1608.63
3,route,覆盖路点巡回,1798679648,171,8599.14,9744.89,1384.29
3,route,覆盖路点巡回,1798679648,176,8599.14,10158.8,1750.13
3,route,覆盖路点巡回,1798679648,181,8599.14,10099.1,1615.07
3,route,覆盖路点巡回,1798679648,186,8599.14,9696.53,1441.06
3,route,覆盖路点巡回,1798679648,191,8599.14,9866.62,1668.84
3,route,覆盖路点巡回,1798679648,196,8599.14,10042.2,1777.99
3,route,覆盖路点巡回,1798679648,201,8599.14,9933.79,1528.07
3,route,覆盖路点巡回,1798679648,206,8599.14,9817.21,1541.63
3,route,覆盖路点巡回,1798679648,211,8599.14,9621.79,1277.32
3,route,覆盖路点巡回,1798679648,216,8599.14,9571.83,1361.76
3,route,覆盖路点巡回,1798679648,221,8599.14,9446.22,1264.13
3,route,覆盖路点巡回,1798679648,226,8599.14,9670.8,1546.48
3,route,覆盖路点巡回,1798679648,231,8599.14,9986.84,1682.91
3,route,覆盖路点巡回,1798679648,236,8599.14,9447.67,1351.75
3,route,覆盖路点巡回,1798679648,241,8599.14,9770.12,1496.01
3,route,覆盖路点巡回,1798679648,246,8599.14,9727.44,1368.89
3,route,覆盖路点巡回,1798679648,251,8599.14,9425.47,1495.22
3,route,覆盖路点巡回,1798679648,256,8599.14,9447.51,1449.34
3,route,覆盖路点巡回,1798679648,261,8599.14,9387.78,1243.39
3,route,覆盖路点巡回,1798679648,266,8599.14,9903.62,1686.38
3,route,覆盖路点巡回,1798679648,271,8599.14,9499.39,1385.42
3,route,覆盖路点巡回,1798679648,276,8599.14,9626.17,1297.95
3,route,覆盖路点巡回,1798679648,281,8599.14,9387.38,1366.03
3,route,覆盖路点巡回,1798679648,286,8599.14,9575.61,1528.52
3,route,覆盖路点巡回,1798679648,291,8599.14,9226.26,1325.02
3,route,覆盖路点巡回,1798679648,296,8599.14,9419.45,1277.38
3,route,覆盖路点巡回,1798679648,300,8599.14,9400.95,1460.5
3,localize,频道1,2,0,0,137.78,53.068
3,localize,频道1,2,1,0,90.0798,43.1545
3,localize,频道2,2,0,0,135.24,63.729
3,localize,频道2,2,1,0,86.487,45.383
3,localize,频道3,2,0,0.349078,122.985,56.7706
3,localize,频道3,2,1,0.349078,83.162,38.7329
3,localize,频道3,2,6,0.295428,20.5592,20.4291
3,localize,频道3,2,11,0.288876,14.5922,17.4081
3,localize,频道3,2,16,0.273864,15.8123,16.0957
3,localize,频道3,2,21,0.273864,15.8457,19.914
3,localize,频道3,2,26,0.273864,11.3922,13.7831
3,localize,频道3,2,31,0.273864,13.5894,15.0978
3,localize,频道3,2,36,0.273459,9.61117,11.7008
3,localize,频道3,2,41,0.273459,13.1931,15.3078
3,localize,频道3,2,46,0.273245,15.5282,17.929
3,localize,频道3,2,51,0.273245,10.4311,12.8479
3,localize,频道3,2,56,0.273227,11.2416,12.3124
3,localize,频道3,2,61,0.273227,10.4402,10.7951
3,localize,频道3,2,66,0.273226,10.4497,10.9068
3,localize,频道3,2,71,0.273226,8.66818,10.0699
3,localize,频道3,2,76,0.273226,10.1617,12.0797
3,localize,频道3,2,81,0.273226,7.53103,9.62624
3,localize,频道3,2,86,0.273226,8.21151,10.0099
3,localize,频道3,2,91,0.273226,4.95883,7.16114
3,localize,频道3,2,96,0.273226,6.22819,7.48383
3,localize,频道3,2,101,0.273226,6.22672,6.84477
3,localize,频道3,2,106,0.273226,5.31715,6.15381
3,localize,频道3,2,111,0.273226,4.33203,4.98258
3,localize,频道3,2,116,0.273226,5.015,5.46017
3,localize,频道3,2,121,0.273226,5.06398,5.60583
3,localize,频道3,2,126,0.273226,3.27165,3.61676
3,localize,频道3,2,131,0.273226,3.76085,4.03149
3,localize,频道3,2,136,0.273226,3.7574,3.64719
3,localize,频道3,2,141,0.273226,2.07807,2.43733
3,localize,频道3,2,146,0.273226,2.60537,2.63226
3,localize,频道3,2,150,0.273226,1.60461,1.87083
3,localize,频道4,2,0,0,125.425,48.119
3,localize,频道4,2,1,0,91.6873,42.424
3,localize,频道5,2,0,0.128969,118.284,63.0094
3,localize,频道5,2,1,0.128969,71.6443,36.0189
3,localize,频道5,2,6,0.128969,20.6919,18.3525
3,localize,频道5,2,11,0.128969,15.7612,18.8567
3,localize,频道5,2,16,0.128969,17.1153,17.5622
3,localize,频道5,2,21,0.128969,17.8021,21.501
3,localize,频道5,2,26,0.128969,13.8417,16.3217
3,localize,频道5,2,31,0.128969,15.9433,16.5697
3,localize,频道5,2,36,0.128969,13.8229,18.2356
3,localize,频道5,2,41,0.128969,15.4906,17.7201
3,localize,频道5,2,46,0.128969,20.2724,22.7265
3,localize,频道5,2,51,0.127101,12.6108,15.8991
3,localize,频道5,2,56,0.127101,13.7294,16.8424
3,localize,频道5,2,61,0.127101,13.7467,16.017
3,localize,频道5,2,66,0.127101,13.489,16.7375
3,localize,频道5,2,71,0.127101,11.2923,12.7861
3,localize,频道5,2,76,0.127101,14.0231,16.9225
3,localize,频道5,2,81,0.127101,10.6789,14.5766
3,localize,频道5,2,86,0.127101,13.518,18.1851
3,localize,频道5,2,91,0.127101,8.68996,13.2793
3,localize,频道5,2,96,0.126986,8.51698,11.6793
3,localize,频道5,2,101,0.126986,10.0878,12.212
3,localize,频道5,2,106,0.126986,7.65217,8.33401
3,localize,频道5,2,111,0.126986,10.1744,20.1357
3,localize,频道5,2,116,0.126986,7.74579,8.28968
3,localize,频道5,2,121,0.126918,8.95162,14.6841
3,localize,频道5,2,126,0.126918,4.64669,4.83276
3,localize,频道5,2,131,0.126918,6.29221,9.06423
3,localize,频道5,2,136,0.126918,6.20921,5.91453
3,localize,频道5,2,141,0.126918,3.29841,4.03253
3,localize,频道5,2,146,0.126918,4.23874,5.07884
3,localize,频道5,2,150,0.126918,2.41666,3.19427
3,localize,频道6,2,0,0.262434,131.386,56.2067
3,localize,频道6,2,1,0.262434,88.6329,42.158
3,localize,频道6,2,6,0.262434,10.5119,10.3261
3,localize,频道6,2,11,0.247428,7.27079,9.03671
3,localize,频道6,2,16,0.227217,8.07726,8.01132
3,localize,频道6,2,21,0.224368,7.34338,9.29392
3,localize,频道6,2,26,0.224302,5.24503,5.32927
3,localize,频道6,2,31,0.224207,6.07723,6.78423
3,localize,频道6,2,36,0.224207,4.71383,5.74618
3,localize,频道6,2,41,0.224207,5.82662,5.99809
3,localize,频道6,2,46,0.224207,6.17272,6.5648
3,localize,频道6,2,51,0.224179,4.87309,5.82345
3,localize,频道6,2,56,0.224176,5.14322,5.38419
3,localize,频道6,2,61,0.224176,5.46832,4.67077
3,localize,频道6,2,66,0.223798,5.37881,5.40536
3,localize,频道6,2,71,0.223792,4.18745,4.61749
3,localize,频道6,2,76,0.223792,4.94237,5.595
3,localize,频道6,2,81,0.223789,3.56689,4.58539
3,localize,频道6,2,86,0.223789,3.88366,4.35628
3,localize,频道6,2,91,0.223789,2.39112,2.85403
3,localize,频道6,2,96,0.223789,3.2495,3.41169
3,localize,频道6,2,101,0.223789,3.04772,3.28068
3,localize,频道6,2,106,0.223789,2.73911,2.96987
3,localize,频道6,2,111,0.223789,2.3476,2.77074
3,localize,频道6,2,116,0.223789,2.34346,2.70352
3,localize,频道6,2,121,0.223784,2.53593,2.58701
3,localize,频道6,2,126,0.223784,1.73971,1.83719
3,localize,频道6,2,131,0.223784,1.93244,1.95913
3,localize,频道6,2,136,0.223784,1.81094,1.64467
3,localize,频道6,2,141,0.223784,1.07646,1.06882
3,localize,频道6,2,146,0.223784,1.34246,1.31842
3,localize,频道6,2,150,0.223784,0.90458,0.95546
3,localize,频道10,2,0,0.011316,134.045,57.6114
3,localize,频道10,2,1,0.011316,90.4668,41.2495
3,localize,频道10,2,6,0.011316,14.8737,19.9119
3,localize,频道10,2,11,0.011316,10.2748,17.4964
3,localize,频道10,2,16,0.011316,10.286,14.639
3,localize,频道10,2,21,0.011316,10.0055,15.8285
3,localize,频道10,2,26,0.00926182,9.55381,16.4783
3,localize,频道10,2,31,0.00926182,10.5179,16.9063
3,localize,频道10,2,36,0.00926182,6.29337,11.0079
3,localize,频道10,2,41,0.00926182,8.28931,10.7593
3,localize,频道10,2,46,0.00926182,10.4072,16.8081
3,localize,频道10,2,51,0.00926182,7.10857,14.0541
3,localize,频道10,2,56,0.00926182,6.39905,8.9701
3,localize,频道10,2,61,0.00926182,7.16398,8.92187
3,localize,频道10,2,66,0.00925075,8.14561,13.7012
3,localize,频道10,2,71,0.00925075,5.26123,7.68365
3,localize,频道10,2,76,0.00925075,8.57605,14.9542
3,localize,频道10,2,81,0.00925075,4.71157,7.26857
3,localize,频道10,2,86,0.00925075,5.83892,11.6041
3,localize,频道10,2,91,0.009211,3.23455,4.84048
3,localize,频道10,2,96,0.009211,4.27851,6.30096
3,localize,频道10,2,101,0.009211,4.38591,6.22874
3,localize,频道10,2,106,0.009211,3.50453,4.88153
3,localize,频道10,2,111,0.009211,3.42684,5.38163
3,localize,频道10,2,116,0.009211,3.54059,5.3159
3,localize,频道10,2,121,0.009211,3.229,5.2123
3,localize,频道10,2,126,0.009211,1.95902,2.82724
3,localize,频道10,2,131,0.00920821,2.23703,3.46459
3,localize,频道10,2,136,0.00920821,2.55281,3.3414
3,localize,频道10,2,141,0.00920821,0.95101,1.60407
3,localize,频道10,2,146,0.00920575,1.68075,2.65111
3,localize,频道10,2,150,0.00920575,1.16849,1.95007
3,localize,频道11,2,0,0,140.068,45.8102
3,localize,频道11,2,1,0,98.7077,44.56
3,localize,频道12,2,0,0.045331,116.404,60.0704
3,localize,频道12,2,1,0.045331,70.1515,40.3655
3,localize,频道12,2,6,0.045331,8.26415,7.85147
3,localize,频道12,2,11,0.032311,5.69083,6.47964
3,localize,频道12,2,16,0.0307077,6.58279,6.76188
3,localize,频道12,2,21,0.0307077,6.18606,7.52992
3,localize,频道12,2,26,0.0307077,4.62312,5.03003
3,localize,频道12,2,31,0.0307077,5.79303,6.4919
3,localize,频道12,2,36,0.0307077,4.14233,4.88864
3,localize,频道12,2,41,0.0307077,5.62164,5.6382
3,localize,频道12,2,46,0.0307077,5.26756,5.31184
3,localize,频道12,2,51,0.0307077,4.46987,5.24298
3,localize,频道12,2,56,0.0306605,4.50353,5.3294
3,localize,频道12,2,61,0.0306605,5.09371,4.66801
3,localize,频道12,2,66,0.0306605,4.73347,4.98296
3,localize,频道12,2,71,0.0306605,3.62644,4.34764
3,localize,频道12,2,76,0.0305013,4.26556,4.79865
3,localize,频道12,2,81,0.0305013,3.11894,3.82847
3,localize,频道12,2,86,0.0305013,3.59827,3.81134
3,localize,频道12,2,91,0.030499,1.90692,2.40387
3,localize,频道12,2,96,0.0304827,2.72752,3.37967
3,localize,频道12,2,101,0.0304689,2.66882,2.68252
3,localize,频道12,2,106,0.0304689,2.35797,2.72104
3,localize,频道12,2,111,0.0304689,2.03501,2.25433
3,localize,频道12,2,116,0.0304689,2.09433,2.40229
3,localize,频道12,2,121,0.030463,2.2913,2.57615
3,localize,频道12,2,126,0.030463,1.407,1.67855
3,localize,频道12,2,131,0.030463,1.51887,1.59408
3,localize,频道12,2,136,0.030463,1.59061,1.48747
3,localize,频道12,2,141,0.030463,0.891402,1.05617
3,localize,频道12,2,146,0.030463,1.10895,1.14919
3,localize,频道12,2,150,0.030463,0.703577,0.856787
3,localize,频道13,2,0,0.416163,119.231,58.3042
3,localize,频道13,2,1,0.416163,78.283,46.4535
3,localize,频道13,2,6,0.338034,14.0818,14.7949
3,localize,频道13,2,11,0.321763,9.18798,11.8905
3,localize,频道13,2,16,0.318417,10.3012,13.8532
3,localize,频道13,2,21,0.318417,9.78893,11.4984
3,localize,频道13,2,26,0.318285,8.4282,10.0257
3,localize,频道13,2,31,0.318285,9.62331,13.5042
3,localize,频道13,2,36,0.318193,7.09923,11.1598
3,localize,频道13,2,41,0.318193,8.22741,8.36935
3,localize,频道13,2,46,0.318102,9.10024,9.50745
3,localize,频道13,2,51,0.318102,7.59488,9.93426
3,localize,频道13,2,56,0.318054,7.8387,9.03339
3,localize,频道13,2,61,0.318054,7.45054,7.459
3,localize,频道13,2,66,0.318035,8.28741,9.1398
3,localize,频道13,2,71,0.318035,5.62082,6.44033
3,localize,频道13,2,76,0.318035,7.31277,8.46807
3,localize,频道13,2,81,0.318035,5.07512,5.73187
3,localize,频道13,2,86,0.318035,5.67807,7.13858
3,localize,频道13,2,91,0.318035,3.53126,4.71337
3,localize,频道13,2,96,0.318035,4.68358,5.96402
3,localize,频道13,2,101,0.318035,4.20736,4.76918
3,localize,频道13,2,106,0.318035,3.88137,4.30287
3,localize,频道13,2,111,0.318035,3.61172,4.74584
3,localize,频道13,2,116,0.318035,3.46224,3.7045
3,localize,频道13,2,121,0.318035,3.64049,4.24849
3,localize,频道13,2,126,0.318033,2.54844,2.67242
3,localize,频道13,2,131,0.318033,2.66734,2.74318
3,localize,频道13,2,136,0.318033,2.70122,2.70418
3,localize,频道13,2,141,0.318027,1.5118,1.53468
3,localize,频道13,2,146,0.318027,1.94537,2.01672
3,localize,频道13,2,150,0.318027,1.33718,1.53738
3,localize,频道14,2,0,0.67239,118.292,60.1348
3,localize,频道14,2,1,0.67239,68.7649,45.9124
3,localize,频道14,2,6,0.495579,9.46473,9.70809
3,localize,频道14,2,11,0.469516,6.78586,8.7272
3,localize,频道14,2,16,0.466868,6.8148,6.67046
3,localize,频道14,2,21,0.46261,7.29493,8.75101
3,localize,频道14,2,26,0.462589,5.68228,6.12057
3,localize,频道14,2,31,0.462589,6.67131,9.02013
3,localize,频道14,2,36,0.462589,5.56484,10.324
3,localize,频道14,2,41,0.462589,5.8792,6.02653
3,localize,频道14,2,46,0.462589,6.19921,6.66985
3,localize,频道14,2,51,0.462589,4.90065,6.06612
3,localize,频道14,2,56,0.462589,5.07741,5.83296
3,localize,频道14,2,61,0.462589,5.10353,5.23596
3,localize,频道14,2,66,0.462589,5.06955,5.1713
3,localize,频道14,2,71,0.462589,4.05321,4.47683
3,localize,频道14,2,76,0.462589,4.87962,5.16322
3,localize,频道14,2,81,0.462589,3.25295,3.96074
3,localize,频道14,2,86,0.462589,3.86805,4.21005
3,localize,频道14,2,91,0.462589,2.32737,2.69005
3,localize,频道14,2,96,0.462581,3.18195,3.61224
3,localize,频道14,2,101,0.462581,3.06311,3.12064
3,localize,频道14,2,106,0.462581,2.64698,2.69564
3,localize,频道14,2,111,0.462581,2.48747,2.97374
3,localize,频道14,2,116,0.462581,2.27848,2.51023
3,localize,频道14,2,121,0.462581,2.65455,2.85756
3,localize,频道14,2,126,0.462581,1.78974,1.72007
3,localize,频道14,2,131,0.462581,1.90114,1.77553
3,localize,频道14,2,136,0.462581,1.93843,1.71218
3,localize,频道14,2,141,0.462581,1.12215,0.956965
3,localize,频道14,2,146,0.462581,1.42279,1.26755
3,localize,频道14,2,150,0.462581,1.04225,0.911959
3,localize,频道15,2,0,0,112.112,45.5296
3,localize,频道15,2,1,0,78.6104,39.1785
3,localize,频道16,2,0,2.00972e-14,128.796,42.2941
3,localize,频道16,2,1,2.00972e-14,98.3994,33.5693
3,localize,频道17,2,0,0.0177094,129.289,63.0015
3,localize,频道17,2,1,0.0177094,78.8375,39.9328
3,localize,频道17,2,6,0.0177094,12.6562,13.5685
3,localize,频道17,2,11,0.0177094,9.30234,12.7697
3,localize,频道17,2,16,0.0177094,10.1143,10.7486
3,localize,频道17,2,21,0.0177094,9.52582,13.6887
3,localize,频道17,2,26,0.0169217,6.53266,7.84895
3,localize,频道17,2,31,0.0153008,8.58683,12.0117
3,localize,频道17,2,36,0.0153008,5.75029,8.3991
3,localize,频道17,2,41,0.0153008,8.11319,9.23006
3,localize,频道17,2,46,0.0153008,8.32477,10.0421
3,localize,频道17,2,51,0.0153008,7.12114,9.36057
3,localize,频道17,2,56,0.0152676,7.36386,9.27903
3,localize,频道17,2,61,0.0152676,7.07767,7.01123
3,localize,频道17,2,66,0.0147824,7.14465,8.08101
3,localize,频道17,2,71,0.0145718,4.93506,6.57089
3,localize,频道17,2,76,0.0145718,5.97898,7.55196
3,localize,频道17,2,81,0.0140816,4.22253,5.14412
3,localize,频道17,2,86,0.0140816,4.95192,6.382
3,localize,频道17,2,91,0.0140816,2.58894,3.80787
3,localize,频道17,2,96,0.0140813,3.85129,4.56703
3,localize,频道17,2,101,0.0140813,3.76801,4.32322
3,localize,频道17,2,106,0.0140813,3.33612,4.25292
3,localize,频道17,2,111,0.0140813,2.87649,3.9719
3,localize,频道17,2,116,0.0138594,2.61107,3.09781
3,localize,频道17,2,121,0.0138594,3.45044,4.06116
3,localize,频道17,2,126,0.0137673,2.09614,2.73163
3,localize,频道17,2,131,0.0137673,2.46765,2.67016
3,localize,频道17,2,136,0.0137208,2.11051,2.10749
3,localize,频道17,2,141,0.0137208,1.33511,1.70863
3,localize,频道17,2,146,0.0137208,1.60906,1.76751
3,localize,频道17,2,150,0.0137208,0.920094,1.20518
3,localize,频道19,2,0,5.68434e-14,137.536,50.7732
3,localize,频道19,2,1,5.68434e-14,93.9567,42.5001
3,localize,频道20,2,0,0,132.26,44.0519
3,localize,频道20,2,1,0,94.4642,40.7061
3,route,清除顺序,561807780,0,10200.5,28831.8,3468.35
3,route,清除顺序,561807780,1,10200.5,26258.1,3857.45
3,route,清除顺序,561807780,6,10200.5,19119.8,4124.77
3,route,清除顺序,561807780,11,10059.9,14940,3230.11
3,route,清除顺序,561807780,16,10059.9,13356.8,3280.95
3,route,清除顺序,561807780,21,10059.9,13085.3,3225.5
3,route,清除顺序,561807780,26,10059.9,12890.7,2904.77
3,route,清除顺序,561807780,31,10059.9,13085.9,2841.43
3,route,清除顺序,561807780,36,10059.9,13645.2,3176.48
3,route,清除顺序,561807780,41,10059.9,13199.6,3180.49
3,route,清除顺序,561807780,46,10059.9,13502.2,3144.19
3,route,清除顺序,561807780,51,10059.9,12375.5,2940.47
3,route,清除顺序,561807780,56,10059.9,12467.7,2720.66
3,route,清除顺序,561807780,61,10059.9,13153.4,2984.36
3,route,清除顺序,561807780,66,10059.9,13199.4,3134.99
3,route,清除顺序,561807780,71,10059.9,12609,3074.5
3,route,清除顺序,561807780,76,10059.9,13672.8,3183.28
3,route,清除顺序,561807780,81,10059.9,13010.6,3468.34
3,route,清除顺序,561807780,86,10059.9,12496.5,2828.26
3,route,清除顺序,561807780,91,10059.9,12529.9,3102.85
3,route,清除顺序,561807780,96,10059.9,13394.5,3481.72
3,route,清除顺序,561807780,101,10059.9,12987.4,3113.65
3,route,清除顺序,561807780,106,10059.9,13582.3,3656.21
3,route,清除顺序,561807780,111,10059.9,12540.7,3059.88
3,route,清除顺序,561807780,116,10059.9,13043.5,2972.12
3,route,清除顺序,561807780,121,10059.9,12009.3,2274.82
3,route,清除顺序,561807780,126,10059.9,12145.8,2860.32
3,route,清除顺序,561807780,131,10059.9,12198.9,2598.38
3,route,清除顺序,561807780,136,10059.9,12810.1,3307.21
3,route,清除顺序,561807780,141,10059.9,12518.3,3155.99
3,route,清除顺序,561807780,146,10059.9,11841.3,2558.11
3,route,清除顺序,561807780,151,10059.9,12572.1,3081.14
3,route,清除顺序,561807780,156,10059.9,11824.6,2289.83
3,route,清除顺序,561807780,161,10059.9,12056.5,2951.25
3,route,清除顺序,561807780,166,10059.9,12088.6,2598.65
3,route,清除顺序,561807780,171,10059.9,12129.7,2859.73
3,route,清除顺序,561807780,176,10059.9,12236.5,2698.34
3,route,清除顺序,561807780,181,10059.9,11935.4,2402.89
3,route,清除顺序,561807780,186,10059.9,11291.6,1708.26
3,route,清除顺序,561807780,191,10059.9,12978,3276.13
3,route,清除顺序,561807780,196,10059.9,11872.1,2587.16
3,route,清除顺序,561807780,201,10059.9,11777.6,2574.05
3,route,清除顺序,561807780,206,10059.9,11797.6,2488.13
3,route,清除顺序,561807780,211,10059.9,12069.3,2738.34
3,route,清除顺序,561807780,216,10059.9,11436.6,2269.84
3,route,清除顺序,561807780,221,10059.9,12027.8,2922.18
3,route,清除顺序,561807780,226,10059.9,12019.4,2757.54
3,route,清除顺序,561807780,231,10059.9,11503.9,2275.99
3,route,清除顺序,561807780,236,10059.9,12031.9,2815.26
3,route,清除顺序,561807780,241,10059.9,11860.9,2532.83
3,route,清除顺序,561807780,246,10059.9,11483.5,2300.82
3,route,清除顺序,561807780,251,10059.9,11177.1,2171.21
3,route,清除顺序,561807780,256,10059.9,11230.9,1769.94
3,route,清除顺序,561807780,261,10059.9,11611,2538.42
3,route,清除顺序,561807780,266,10059.9,12043.2,2965.29
3,route,清除顺序,561807780,271,10059.9,11586.9,2238.52
3,route,清除顺序,561807780,276,10059.9,11657.7,2700.24
3,route,清除顺序,561807780,281,10059.9,11665.2,2484.57
3,route,清除顺序,561807780,286,10059.9,11583.2,2477.03
3,route,清除顺序,561807780,291,10059.9,11434.5,2643.15
3,route,清除顺序,561807780,296,10059.9,11212.8,2220.6
3,route,清除顺序,561807780,300,10059.9,11266.7,2345.77
4,route,覆盖路点巡回,1742692732,0,8599.14,14314.3,1541.07
4,route,覆盖路点巡回,1742692732,1,8599.14,13745.7,1663.11
4,route,覆盖路点巡回,1742692732,6,8599.14,12020.9,1716.13
4,route,覆盖路点巡回,1742692732,11,8599.14,11536.1,1698.09
4,route,覆盖路点巡回,1742692732,16,8599.14,11103.7,1764.65
4,route,覆盖路点巡回,1742692732,21,8599.14,10894.2,1777.71
4,route,覆盖路点巡回,1742692732,26,8599.14,10828,1772.75
4,route,覆盖路点巡回,1742692732,31,8599.14,10817.9,1803.95
4,route,覆盖路点巡回,1742692732,36,8599.14,10469.7,1766.98
4,route,覆盖路点巡回,1742692732,41,8599.14,10363.2,1749.8
4,route,覆盖路点巡回,1742692732,46,8599.14,10536.8,1813.44
4,route,覆盖路点巡回,1742692732,51,8599.14,10512.5,1619.8
4,route,覆盖路点巡回,1742692732,56,8599.14,10921.7,1879.72
4,route,覆盖路点巡回,1742692732,61,8599.14,10751.1,1798.05
4,route,覆盖路点巡回,1742692732,66,8599.14,10754.9,1750.49
4,route,覆盖路点巡回,1742692732,71,8599.14,10134.5,1539.53
4,route,覆盖路点巡回,1742692732,76,8599.14,10330.9,1656.51
4,route,覆盖路点巡回,1742692732,81,8599.14,10465.7,1808.66
4,route,覆盖路点巡回,1742692732,86,8599.14,10753.6,1902.24
4,route,覆盖路点巡回,1742692732,91,8599.14,10713.8,1730.81
4,route,覆盖路点巡回,1742692732,96,8599.14,10481.4,1771.59
4,route,覆盖路点巡回,1742692732,101,8599.14,10272.6,1767
4,route,覆盖路点巡回,1742692732,106,8599.14,10579,1791.36
4,route,覆盖路点巡回,1742692732,111,8599.14,10527.5,2004.71
4,route,覆盖路点巡回,1742692732,116,8599.14,10075.5,1560.71
4,route,覆盖路点巡回,1742692732,121,8599.14,10410.5,1624.93
4,route,覆盖路点巡回,1742692732,126,8599.14,10153.8,1613.66
4,route,覆盖路点巡回,1742692732,131,8599.14,10052.6,1645.22
4,route,覆盖路点巡回,1742692732,136,8599.14,10338.9,1839.91
4,route,覆盖路点巡回,1742692732,141,8599.14,10006.1,1582.97
4,route,覆盖路点巡回,1742692732,146,8599.14,9783.79,1548.06
4,route,覆盖路点巡回,1742692732,151,8599.14,9853.24,1498.04
4,route,覆盖路点巡回,1742692732,156,8599.14,9993.7,1729.52
4,route,覆盖路点巡回,1742692732,161,8599.14,9918.39,1524.88
4,route,覆盖路点巡回,1742692732,166,8599.14,10034.5,1603.86
4,route,覆盖路点巡回,1742692732,171,8599.14,9798.87,1552.06
4,route,覆盖路点巡回,1742692732,176,8599.14,9724.36,1522.29
4,route,覆盖路点巡回,1742692732,181,8599.14,10140.5,1697.29
4,route,覆盖路点巡回,1742692732,186,8599.14,10108.8,1819.47
4,route,覆盖路点巡回,1742692732,191,8599.14,9752.08,1403.51
4,route,覆盖路点巡回,1742692732,196,8599.14,10085.3,1611.1
4,route,覆盖路点巡回,1742692732,201,8599.14,9913.46,1710.3
4,route,覆盖路点巡回,1742692732,206,8599.14,10062.3,1670.9
4,route,覆盖路点巡回,1742692732,211,8599.14,9726.22,1544.83
4,route,覆盖路点巡回,1742692732,216,8599.14,9896.61,1564.44
4,route,覆盖路点巡回,1742692732,221,8599.14,9919.83,1572.44
4,route,覆盖路点巡回,1742692732,226,8599.14,9664.06,1498.62
4,route,覆盖路点巡回,1742692732,231,8599.14,9603.47,1493.34
4,route,覆盖路点巡回,1742692732,236,8599.14,9726.79,1652.66
4,route,覆盖路点巡回,1742692732,241,8599.14,9649.33,1524.19
4,route,覆盖路点巡回,1742692732,246,8599.14,9637.94,1422.63
4,route,覆盖路点巡回,1742692732,251,8599.14,9522.75,1396.01
4,route,覆盖路点巡回,1742692732,256,8599.14,9912.86,1637.66
4,route,覆盖路点巡回,1742692732,261,8599.14,9671.18,1317.87
4,route,覆盖路点巡回,1742692732,266,8599.14,9589.99,1436.31
4,route,覆盖路点巡回,1742692732,271,8599.14,9719.27,1619.6
4,route,覆盖路点巡回,1742692732,276,8599.14,9698.67,1530.82
4,route,覆盖路点巡回,1742692732,281,8599.14,9280.76,1224.53
4,route,覆盖路点巡回,1742692732,286,8599.14,9212,1177.15
4,route,覆盖路点巡回,1742692732,291,8599.14,9529.86,1492.59
4,route,覆盖路点巡回,1742692732,296,8599.14,9562.5,1472.97
4,route,覆盖路点巡回,1742692732,300,8599.14,9362.74,1472.02
4,localize,频道1,3,0,0.354838,106.562,45.8509
4,localize,频道1,3,1,0.354838,63.8363,40.0154
4,localize,频道1,3,6,0.339361,9.44664,9.16872
4,localize,频道1,3,11,0.322474,7.08969,10.8928
4,localize,频道1,3,16,0.317358,7.0081,9.4846
4,localize,频道1,3,21,0.317358,7.05574,8.69993
4,localize,频道1,3,26,0.317355,7.03787,8.16887
4,localize,频道1,3,31,0.317355,8.19916,8.37373
4,localize,频道1,3,36,0.317355,5.83097,8.48049
4,localize,频道1,3,41,0.317351,6.04741,7.08706
4,localize,频道1,3,46,0.317351,6.26895,7.53113
4,localize,频道1,3,51,0.317351,7.19512,8.20407
4,localize,频道1,3,56,0.317351,7.26232,7.47918
4,localize,频道1,3,61,0.317351,5.72527,6.21342
4,localize,频道1,3,66,0.317351,5.15643,6.08162
4,localize,频道1,3,71,0.317351,3.84548,4.56142
4,localize,频道1,3,76,0.317351,4.09178,4.22797
4,localize,频道1,3,81,0.31735,4.46431,4.99563
4,localize,频道1,3,86,0.31735,4.35881,4.35995
4,localize,频道1,3,91,0.31735,4.05971,4.13001
4,localize,频道1,3,96,0.31735,3.51592,4.02466
4,localize,频道1,3,101,0.31735,3.51098,4.04873
4,localize,频道1,3,106,0.31735,3.2184,3.08997
4,localize,频道1,3,111,0.31735,2.38933,2.72103
4,localize,频道1,3,116,0.31735,2.95427,3.28234
4,localize,频道1,3,121,0.31735,2.24936,2.29283
4,localize,频道1,3,126,0.317341,2.20099,2.365
4,localize,频道1,3,131,0.31734,1.9647,2.04534
4,localize,频道1,3,136,0.31734,1.69392,1.82903
4,localize,频道1,3,141,0.31734,1.48076,1.39906
4,localize,频道1,3,146,0.31734,1.18072,1.13112
4,localize,频道1,3,150,0.31734,1.00742,0.839305
4,localize,频道2,3,0,0.369943,108.591,49.2005
4,localize,频道2,3,1,0.369943,58.7369,38.6328
4,localize,频道2,3,6,0.369943,6.61109,6.60275
4,localize,频道2,3,11,0.331822,5.2348,7.49587
4,localize,频道2,3,16,0.330909,5.59754,7.30309
4,localize,频道2,3,21,0.330808,5.19428,6.59926
4,localize,频道2,3,26,0.330697,5.28193,5.91163
4,localize,频道2,3,31,0.330663,5.81173,6.57706
4,localize,频道2,3,36,0.330663,4.84053,6.94077
4,localize,频道2,3,41,0.330566,4.66095,5.64114
4,localize,频道2,3,46,0.330526,4.95593,5.68849
4,localize,频道2,3,51,0.330526,5.3717,6.42317
4,localize,频道2,3,56,0.330526,5.51008,5.75985
4,localize,频道2,3,61,0.330514,4.48116,4.37946
4,localize,频道2,3,66,0.330514,4.07918,5.01975
4,localize,频道2,3,71,0.330514,2.83393,3.30227
4,localize,频道2,3,76,0.330514,3.19047,3.88117
4,localize,频道2,3,81,0.330514,3.24774,3.65659
4,localize,频道2,3,86,0.330514,3.64103,3.62127
4,localize,频道2,3,91,0.330514,3.10148,3.13182
4,localize,频道2,3,96,0.330514,2.69381,3.05476
4,localize,频道2,3,101,0.330514,2.76706,3.02602
4,localize,频道2,3,106,0.330514,2.34541,2.38091
4,localize,频道2,3,111,0.330514,1.95463,2.09067
4,localize,频道2,3,116,0.330503,2.29563,2.57581
4,localize,频道2,3,121,0.330503,1.81098,1.87388
4,localize,频道2,3,126,0.330503,1.79298,1.95865
4,localize,频道2,3,131,0.330503,1.52913,1.53707
4,localize,频道2,3,136,0.330503,1.3227,1.44379
4,localize,频道2,3,141,0.330503,1.26045,1.05719
4,localize,频道2,3,146,0.330503,0.970117,0.909997
4,localize,频道2,3,150,0.330503,0.817544,0.674899
4,localize,频道5,3,0,0.199688,104.341,48.7634
4,localize,频道5,3,1,0.199688,55.7226,37.6515
4,localize,频道5,3,6,0.199688,7.11735,7.82604
4,localize,频道5,3,11,0.164843,6.0778,8.35122
4,localize,频道5,3,16,0.14537,6.01104,7.74957
4,localize,频道5,3,21,0.139485,5.91284,7.07815
4,localize,频道5,3,26,0.139485,6.18192,6.53729
4,localize,频道5,3,31,0.139485,6.53773,7.2651
4,localize,频道5,3,36,0.139266,5.28985,7.13861
4,localize,频道5,3,41,0.139266,5.2884,6.36382
4,localize,频道5,3,46,0.139266,5.37173,6.53589
4,localize,频道5,3,51,0.139266,5.99902,6.61822
4,localize,频道5,3,56,0.139266,6.37103,6.52254
4,localize,频道5,3,61,0.139266,5.17756,5.20372
4,localize,频道5,3,66,0.139266,4.87493,5.35599
4,localize,频道5,3,71,0.139253,3.15558,3.78904
4,localize,频道5,3,76,0.139253,3.80558,4.57558
4,localize,频道5,3,81,0.139253,3.9495,4.42775
4,localize,频道5,3,86,0.139253,4.066,4.10906
4,localize,频道5,3,91,0.139253,4.0994,3.89208
4,localize,频道5,3,96,0.139253,3.39335,3.5206
4,localize,频道5,3,101,0.139253,3.25957,3.43873
4,localize,频道5,3,106,0.139253,2.80137,2.88913
4,localize,频道5,3,111,0.139253,2.2964,2.5672
4,localize,频道5,3,116,0.139252,2.79492,3.01257
4,localize,频道5,3,121,0.13924,2.34067,2.35752
4,localize,频道5,3,126,0.13924,2.26785,2.51236
4,localize,频道5,3,131,0.13924,1.76331,1.89155
4,localize,频道5,3,136,0.13924,1.44907,1.77218
4,localize,频道5,3,141,0.13924,1.45267,1.49655
4,localize,频道5,3,146,0.139238,1.04432,1.14205
4,localize,频道5,3,150,0.139238,0.87381,0.84124
4,localize,频道8,3,0,0,120.897,52.1377
4,localize,频道8,3,1,0,70.1604,42.3127
4,localize,频道10,3,0,0,113.687,45.335
4,localize,频道10,3,1,0,79.6498,40.5365
4,localize,频道11,3,0,0,143.708,50.7116
4,localize,频道11,3,1,0,98.7408,44.7488
4,localize,频道12,3,0,0,106.657,41.9911
4,localize,频道12,3,1,0,71.441,37.2841
4,localize,频道12,3,0,0,106.657,41.9911
4,localize,频道12,3,1,0,71.441,37.2841
4,localize,频道12,3,0,0.328909,122.358,52.5922
4,localize,频道12,3,1,0.328909,82.71,42.3787
4,localize,频道12,3,6,0.328909,18.8284,16.6011
4,localize,频道12,3,11,0.320218,13.854,18.348
4,localize,频道12,3,16,0.32016,13.5849,18.2166
4,localize,频道12,3,21,0.318978,14.1262,16.1947
4,localize,频道12,3,26,0.318925,15.0328,16.7321
4,localize,频道12,3,31,0.318925,15.371,17.416
4,localize,频道12,3,36,0.31865,11.5113,15.2577
4,localize,频道12,3,41,0.317365,12.605,15.6804
4,localize,频道12,3,46,0.317365,12.5956,15.6847
4,localize,频道12,3,51,0.317365,13.5732,15.8703
4,localize,频道12,3,56,0.317066,13.3676,13.582
4,localize,频道12,3,61,0.317066,11.5584,12.3346
4,localize,频道12,3,66,0.317066,10.8722,12.7511
4,localize,频道12,3,71,0.317062,7.78164,10.2784
4,localize,频道12,3,76,0.317062,7.8137,9.74265
4,localize,频道12,3,81,0.317062,8.90505,10.7372
4,localize,频道12,3,86,0.317062,8.1794,8.57267
4,localize,频道12,3,91,0.317062,8.65521,9.00248
4,localize,频道12,3,96,0.317062,6.86244,9.26447
4,localize,频道12,3,101,0.317062,6.99677,9.66238
4,localize,频道12,3,106,0.316878,6.85256,8.78874
4,localize,频道12,3,111,0.316878,5.20459,6.43844
4,localize,频道12,3,116,0.316878,5.93528,6.77923
4,localize,频道12,3,121,0.316832,4.95353,6.18221
4,localize,频道12,3,126,0.316832,5.28773,6.88555
4,localize,频道12,3,131,0.316832,3.96557,4.41755
4,localize,频道12,3,136,0.316832,3.34847,3.60943
4,localize,频道12,3,141,0.316832,3.31269,3.3755
4,localize,频道12,3,146,0.316826,2.18926,2.39733
4,localize,频道12,3,150,0.316826,1.95756,1.79803
4,localize,频道12,3,0,0.328909,122.358,52.5922
4,localize,频道12,3,1,0.328909,82.71,42.3787
4,localize,频道12,3,6,0.328909,18.8284,16.6011
4,localize,频道12,3,11,0.320218,13.854,18.348
4,localize,频道12,3,16,0.32016,13.5849,18.2166
4,localize,频道12,3,21,0.318978,14.1262,16.1947
4,localize,频道12,3,26,0.318925,15.0328,16.7321
4,localize,频道12,3,31,0.318925,15.371,17.416
4,localize,频道12,3,36,0.31865,11.5113,15.2577
4,localize,频道12,3,41,0.317365,12.605,15.6804
4,localize,频道12,3,46,0.317365,12.5956,15.6847
4,localize,频道12,3,51,0.317365,13.5732,15.8703
4,localize,频道12,3,56,0.317066,13.3676,13.582
4,localize,频道12,3,61,0.317066,11.5584,12.3346
4,localize,频道12,3,66,0.317066,10.8722,12.7511
4,localize,频道12,3,71,0.317062,7.78164,10.2784
4,localize,频道12,3,76,0.317062,7.8137,9.74265
4,localize,频道12,3,81,0.317062,8.90505,10.7372
4,localize,频道12,3,86,0.317062,8.1794,8.57267
4,localize,频道12,3,91,0.317062,8.65521,9.00248
4,localize,频道12,3,96,0.317062,6.86244,9.26447
4,localize,频道12,3,101,0.317062,6.99677,9.66238
4,localize,频道12,3,106,0.316878,6.85256,8.78874
4,localize,频道12,3,111,0.316878,5.20459,6.43844
4,localize,频道12,3,116,0.316878,5.93528,6.77923
4,localize,频道12,3,121,0.316832,4.95353,6.18221
4,localize,频道12,3,126,0.316832,5.28773,6.88555
4,localize,频道12,3,131,0.316832,3.96557,4.41755
4,localize,频道12,3,136,0.316832,3.34847,3.60943
4,localize,频道12,3,141,0.316832,3.31269,3.3755
4,localize,频道12,3,146,0.316826,2.18926,2.39733
4,localize,频道12,3,150,0.316826,1.95756,1.79803
4,localize,频道14,3,0,0.391795,113.956,49.3879
4,localize,频道14,3,1,0.391795,72.1788,45.2962
4,localize,频道14,3,6,0.306941,10.292,10.3703
4,localize,频道14,3,11,0.286423,7.68875,11.2821
4,localize,频道14,3,16,0.286308,7.64078,9.62117
4,localize,频道14,3,21,0.286308,8.40894,11.583
4,localize,频道14,3,26,0.286308,7.07254,8.17449
4,localize,频道14,3,31,0.286308,8.19017,9.78029
4,localize,频道14,3,36,0.286265,6.60974,9.38623
4,localize,频道14,3,41,0.286265,6.84074,8.58591
4,localize,频道14,3,46,0.286265,7.06399,8.45194
4,localize,频道14,3,51,0.286265,7.46134,8.86288
4,localize,频道14,3,56,0.286265,7.77684,8.57727
4,localize,频道14,3,61,0.286265,6.19554,6.51866
4,localize,频道14,3,66,0.286265,6.08979,7.02269
4,localize,频道14,3,71,0.286265,4.25459,5.13981
4,localize,频道14,3,76,0.286265,4.50776,5.5332
4,localize,频道14,3,81,0.286265,4.72648,5.50126
4,localize,频道14,3,86,0.286265,5.30745,5.27204
4,localize,频道14,3,91,0.286265,4.86147,4.82033
4,localize,频道14,3,96,0.286265,3.82046,4.26476
4,localize,频道14,3,101,0.286265,4.00444,4.42751
4,localize,频道14,3,106,0.286265,3.27566,3.51569
4,localize,频道14,3,111,0.286265,2.66104,3.15758
4,localize,频道14,3,116,0.286265,3.35454,3.6906
4,localize,频道14,3,121,0.286265,2.62953,2.75017
4,localize,频道14,3,126,0.286265,2.38885,2.60806
4,localize,频道14,3,131,0.286262,2.12131,2.20995
4,localize,频道14,3,136,0.286262,1.80108,2.16234
4,localize,频道14,3,141,0.286262,1.70362,1.69064
4,localize,频道14,3,146,0.286262,1.40214,1.40475
4,localize,频道14,3,150,0.286262,1.07946,1.0274
4,localize,频道16,3,0,0.0788829,112.791,56.7285
4,localize,频道16,3,1,0.0788829,60.3188,38.1749
4,localize,频道16,3,6,0.0788829,12.5575,12.6006
4,localize,频道16,3,11,0.0788829,12.2193,18.5604
4,localize,频道16,3,16,0.071489,11.6748,17.2238
4,localize,频道16,3,21,0.071489,10.1493,11.4103
4,localize,频道16,3,26,0.071489,11.6044,14.7216
4,localize,频道16,3,31,0.071489,12.3231,14.0983
4,localize,频道16,3,36,0.071489,9.90592,15.1652
4,localize,频道16,3,41,0.0704516,10.1191,12.8358
4,localize,频道16,3,46,0.0704516,11.3095,14.7559
4,localize,频道16,3,51,0.0704516,12.2576,15.9161
4,localize,频道16,3,56,0.0688651,12.1531,14.4451
4,localize,频道16,3,61,0.0676246,11.047,15.557
4,localize,频道16,3,66,0.0676246,8.93362,10.8664
4,localize,频道16,3,71,0.0671496,6.02431,7.73491
4,localize,频道16,3,76,0.0671496,7.50218,8.72545
4,localize,频道16,3,81,0.0671496,7.36608,9.96708
4,localize,频道16,3,86,0.0671496,7.92519,8.57441
4,localize,频道16,3,91,0.0671496,8.08504,9.67879
4,localize,频道16,3,96,0.0671496,6.15422,8.05772
4,localize,频道16,3,101,0.0671496,6.71049,8.32767
4,localize,频道16,3,106,0.0671496,5.38217,6.14008
4,localize,频道16,3,111,0.0671496,4.01669,4.87638
4,localize,频道16,3,116,0.0671496,5.27057,7.17064
4,localize,频道16,3,121,0.0671496,3.8375,4.93809
4,localize,频道16,3,126,0.0671452,3.80395,5.00082
4,localize,频道16,3,131,0.0671427,3.42636,4.25026
4,localize,频道16,3,136,0.0670566,2.70475,3.39103
4,localize,频道16,3,141,0.0670456,2.55824,2.71499
4,localize,频道16,3,146,0.0670456,2.15956,2.42603
4,localize,频道16,3,150,0.0670456,1.58319,1.61886
4,localize,频道18,3,0,0,145.143,50.961
4,localize,频道18,3,1,0,99.9287,47.3901
4,localize,频道19,3,0,0.0452203,124.379,62.7085
4,localize,频道19,3,1,0.0452203,67.3334,43.1965
4,localize,频道19,3,6,0.0452203,9.39644,8.63902
4,localize,频道19,3,11,0.0452203,6.1106,8.28172
4,localize,频道19,3,16,0.0449826,6.55741,8.55146
4,localize,频道19,3,21,0.0415041,7.41571,11.4927
4,localize,频道19,3,26,0.0412436,6.36862,6.75761
4,localize,频道19,3,31,0.0412436,8.30053,8.25351
4,localize,频道19,3,36,0.0412436,6.53661,9.71241
4,localize,频道19,3,41,0.0412119,6.35572,8.26128
4,localize,频道19,3,46,0.0412119,6.10576,7.39076
4,localize,频道19,3,51,0.0412119,6.72093,7.20928
4,localize,频道19,3,56,0.0412119,6.96214,8.03669
4,localize,频道19,3,61,0.0412119,6.20931,7.06524
4,localize,频道19,3,66,0.0412119,5.45857,6.11016
4,localize,频道19,3,71,0.0412119,4.019,5.14545
4,localize,频道19,3,76,0.0412119,3.98448,4.74858
4,localize,频道19,3,81,0.0412119,3.91985,4.7028
4,localize,频道19,3,86,0.0412119,4.37244,4.43339
4,localize,频道19,3,91,0.0412119,4.19286,4.39814
4,localize,频道19,3,96,0.0412119,3.51926,4.03033
4,localize,频道19,3,101,0.0412119,3.50297,3.94553
4,localize,频道19,3,106,0.0412119,3.26313,3.15714
4,localize,频道19,3,111,0.0412119,2.34493,2.97802
4,localize,频道19,3,116,0.0412119,2.9393,3.61502
4,localize,频道19,3,121,0.0412119,2.21401,2.43472
4,localize,频道19,3,126,0.0412119,2.16687,2.28308
4,localize,频道19,3,131,0.0412119,1.96832,2.17023
4,localize,频道19,3,136,0.0412119,1.59768,1.64967
4,localize,频道19,3,141,0.0412119,1.53304,1.53078
4,localize,频道19,3,146,0.0412119,1.04537,1.16074
4,localize,频道19,3,150,0.0412119,0.995663,0.981161
4,route,清除顺序,183930185,0,9700.52,17445.8,2365.08
4,route,清除顺序,183930185,1,9700.52,15608.1,2159.58
4,route,清除顺序,183930185,6,8008.39,13393.9,2499.64
4,route,清除顺序,183930185,11,7548.47,11477.4,2482.17
4,route,清除顺序,183930185,16,7548.47,11560,2686.59
4,route,清除顺序,183930185,21,7548.47,10341.8,2704
4,route,清除顺序,183930185,26,7221.1,10099.2,3008.64
4,route,清除顺序,183930185,31,7221.1,9983.55,2402.35
4,route,清除顺序,183930185,36,7221.1,9765.54,2309.04
4,route,清除顺序,183930185,41,7221.1,10017.1,2649.96
4,route,清除顺序,183930185,46,7221.1,9910.32,2813.04
4,route,清除顺序,183930185,51,7221.1,10086.1,3026.43
4,route,清除顺序,183930185,56,7221.1,9958.51,2298.38
4,route,清除顺序,183930185,61,7221.1,10131.1,2602.38
4,route,清除顺序,183930185,66,7221.1,9286.79,2354.99
4,route,清除顺序,183930185,71,7221.1,9136.89,2491.46
4,route,清除顺序,183930185,76,7221.1,9294.09,2420.76
4,route,清除顺序,183930185,81,7221.1,9090.66,2318.7
4,route,清除顺序,183930185,86,7221.1,9143.99,2315.41
4,route,清除顺序,183930185,91,7221.1,9035.81,2328.66
4,route,清除顺序,183930185,96,7221.1,9540.7,2673.23
4,route,清除顺序,183930185,101,7221.1,8884.95,2376.1
4,route,清除顺序,183930185,106,7221.1,9398.88,2458.16
4,route,清除顺序,183930185,111,7221.1,8676.5,1871.65
4,route,清除顺序,183930185,116,7221.1,9429.76,2754.16
4,route,清除顺序,183930185,121,7221.1,9108.07,2383.78
4,route,清除顺序,183930185,126,7221.1,9329.94,2497.78
4,route,清除顺序,183930185,131,7221.1,9249.67,2578.44
4,route,清除顺序,183930185,136,7221.1,8726.02,1680.94
4,route,清除顺序,183930185,141,7221.1,8579.04,2074.92
4,route,清除顺序,183930185,146,7221.1,9037.16,2809.19
4,route,清除顺序,183930185,151,7221.1,9297.32,2750.45
4,route,清除顺序,183930185,156,7221.1,9226.91,2669.53
4,route,清除顺序,183930185,161,7221.1,8723.52,2297.22
4,route,清除顺序,183930185,166,7221.1,8708.47,2163.43
4,route,清除顺序,183930185,171,7221.1,8684.45,2016.09
4,route,清除顺序,183930185,176,7221.1,8666.1,2289.64
4,route,清除顺序,183930185,181,7221.1,8886.65,2399
4,route,清除顺序,183930185,186,7221.1,8663.74,2288.08
4,route,清除顺序,183930185,191,7221.1,8873.41,2317.47
4,route,清除顺序,183930185,196,7221.1,8878.35,2298.58
4,route,清除顺序,183930185,201,7221.1,8412.15,1949.94
4,route,清除顺序,183930185,206,7221.1,8593.04,2361.43
4,route,清除顺序,183930185,211,7221.1,8430.51,2055.64
4,route,清除顺序,183930185,216,7221.1,8238.09,1697.18
4,route,清除顺序,183930185,221,7221.1,8605.34,2275.53
4,route,清除顺序,183930185,226,7221.1,9313.22,2639.69
4,route,清除顺序,183930185,231,7221.1,8526.9,2149.31
4,route,清除顺序,183930185,236,7221.1,8418.48,2205.6
4,route,清除顺序,183930185,241,7221.1,8552.89,2282.47
4,route,清除顺序,183930185,246,7221.1,8394.21,2074.6
4,route,清除顺序,183930185,251,7221.1,8499.03,2266.21
4,route,清除顺序,183930185,256,7221.1,8744.68,2230.95
4,route,清除顺序,183930185,261,7221.1,8476.47,2247.28
4,route,清除顺序,183930185,266,7221.1,8276.94,2163.91
4,route,清除顺序,183930185,271,7221.1,8614.99,2384.38
4,route,清除顺序,183930185,276,7221.1,8484.41,2364.09
4,route,清除顺序,183930185,281,7221.1,8140.13,1708.99
4,route,清除顺序,183930185,286,7221.1,8324.1,2030.3
4,route,清除顺序,183930185,291,7221.1,8336.9,2070.62
4,route,清除顺序,183930185,296,7221.1,8497.02,2006.31
4,route,清除顺序,183930185,300,7221.1,8286.34,2118.05
5,route,覆盖路点巡回,1560023975,0,8599.14,14430.5,1510.44
5,route,覆盖路点巡回,1560023975,1,8599.14,13786.9,1528.48
5,route,覆盖路点巡回,1560023975,6,8599.14,12126.8,1950.37
5,route,覆盖路点巡回,1560023975,11,8599.14,10934.3,1927.44
5,route,覆盖路点巡回,1560023975,16,8599.14,10584.3,1924.62
5,route,覆盖路点巡回,1560023975,21,8599.14,11302.6,1927.17
5,route,覆盖路点巡回,1560023975,26,8599.14,11086.1,1825.41
5,route,覆盖路点巡回,1560023975,31,8599.14,10884.7,1924.47
5,route,覆盖路点巡回,1560023975,36,8599.14,11244.7,1901.79
5,route,覆盖路点巡回,1560023975,41,8599.14,11343.8,1897.94
5,route,覆盖路点巡回,1560023975,46,8599.14,10523.4,1775.7
5,route,覆盖路点巡回,1560023975,51,8599.14,10422.9,1894.92
5,route,覆盖路点巡回,1560023975,56,8599.14,10790.7,1727.85
5,route,覆盖路点巡回,1560023975,61,8599.14,10636.9,1792.93
5,route,覆盖路点巡回,1560023975,66,8599.14,10893,1863.4
5,route,覆盖路点巡回,1560023975,71,8599.14,10415.4,1716.6
5,route,覆盖路点巡回,1560023975,76,8599.14,10220.4,1705.77
5,route,覆盖路点巡回,1560023975,81,8599.14,10522.3,1733.65
5,route,覆盖路点巡回,1560023975,86,8599.14,10961.6,1692.44
5,route,覆盖路点巡回,1560023975,91,8599.14,10393.5,1557.95
5,route,覆盖路点巡回,1560023975,96,8599.14,10657.9,1782.13
5,route,覆盖路点巡回,1560023975,101,8599.14,10219.5,1601.01
5,route,覆盖路点巡回,1560023975,106,8599.14,10517,1849.41
5,route,覆盖路点巡回,1560023975,111,8599.14,10012.7,1660.82
5,route,覆盖路点巡回,1560023975,116,8599.14,10438.4,1812.75
5,route,覆盖路点巡回,1560023975,121,8599.14,10202.1,1687.72
5,route,覆盖路点巡回,1560023975,126,8599.14,9648.27,1444.78
5,route,覆盖路点巡回,1560023975,131,8599.14,10198.5,1597.02
5,route,覆盖路点巡回,1560023975,136,8599.14,9872.94,1646.56
5,route,覆盖路点巡回,1560023975,141,8599.14,10267.1,1750.08
5,route,覆盖路点巡回,1560023975,146,8599.14,10200.1,1823.07
5,route,覆盖路点巡回,1560023975,151,8599.14,10393.3,1665.41
5,route,覆盖路点巡回,1560023975,156,8599.14,10500.1,1746.55
5,route,覆盖路点巡回,1560023975,161,8599.14,10184.6,1603.58
5,route,覆盖路点巡回,1560023975,166,8599.14,9874.77,1489.47
5,route,覆盖路点巡回,1560023975,171,8599.14,9888.85,1387.45
5,route,覆盖路点巡回,1560023975,176,8599.14,9860.28,1709.04
5,route,覆盖路点巡回,1560023975,181,8599.14,9901.81,1508.65
5,route,覆盖路点巡回,1560023975,186,8599.14,9648.32,1392.06
5,route,覆盖路点巡回,1560023975,191,8599.14,9608.04,1432.81
5,route,覆盖路点巡回,1560023975,196,8599.14,9834.19,1619.67
5,route,覆盖路点巡回,1560023975,201,8599.14,9882.63,1564.22
5,route,覆盖路点巡回,1560023975,206,8599.14,9784.94,1511.95
5,route,覆盖路点巡回,1560023975,211,8599.14,9446.06,1339.37
5,route,覆盖路点巡回,1560023975,216,8599.14,9740.93,1683.83
5,route,覆盖路点巡回,1560023975,221,8599.14,9505.29,1216.66
5,route,覆盖路点巡回,1560023975,226,8599.14,9504.55,1211.55
5,route,覆盖路点巡回,1560023975,231,8599.14,9697.7,1429.11
5,route,覆盖路点巡回,1560023975,236,8599.14,9464.09,1430.67
5,route,覆盖路点巡回,1560023975,241,8599.14,9748.53,1548.93
5,route,覆盖路点巡回,1560023975,246,8599.14,9723.15,1452.21
5,route,覆盖路点巡回,1560023975,251,8599.14,9637.81,1365.48
5,route,覆盖路点巡回,1560023975,256,8599.14,9556.4,1531.97
5,route,覆盖路点巡回,1560023975,261,8599.14,9668.51,1487.45
5,route,覆盖路点巡回,1560023975,266,8599.14,9738.57,1550.77
5,route,覆盖路点巡回,1560023975,271,8599.14,9312.68,1210.28
5,route,覆盖路点巡回,1560023975,276,8599.14,9499.29,1432.24
5,route,覆盖路点巡回,1560023975,281,8599.14,9409.13,1347.29
5,route,覆盖路点巡回,1560023975,286,8599.14,9239.48,1241.9
5,route,覆盖路点巡回,1560023975,291,8599.14,9633.33,1437.39
5,route,覆盖路点巡回,1560023975,296,8599.14,9616.78,1518.3
5,route,覆盖路点巡回,1560023975,300,8599.14,9060.05,1013.3
5,localize,频道1,4,0,0,134.049,48.2767
5,localize,频道1,4,1,0,86.821,39.8385
5,localize,频道2,4,0,0.296656,105.53,51.9246
5,localize,频道2,4,1,0.296656,55.6016,38.2788
5,localize,频道2,4,6,0.296656,11.8824,15.1576
5,localize,频道2,4,11,0.224148,8.67181,10.1524
5,localize,频道2,4,16,0.195241,6.91962,8.06455
5,localize,频道2,4,21,0.192987,7.36456,10.8268
5,localize,频道2,4,26,0.192987,7.81975,8.2566
5,localize,频道2,4,31,0.192884,8.36645,9.76271
5,localize,频道2,4,36,0.191626,8.75267,9.54318
5,localize,频道2,4,41,0.191626,6.59622,7.78555
5,localize,频道2,4,46,0.191626,6.73989,7.33177
5,localize,频道2,4,51,0.191626,6.23722,7.4572
5,localize,频道2,4,56,0.191626,5.50262,7.14526
5,localize,频道2,4,61,0.191626,6.00007,7.20683
5,localize,频道2,4,66,0.191626,5.33084,7.14483
5,localize,频道2,4,71,0.191626,5.53593,5.76479
5,localize,频道2,4,76,0.191626,6.29678,6.52723
5,localize,频道2,4,81,0.191626,4.5041,4.66789
5,localize,频道2,4,86,0.191626,4.25069,4.0591
5,localize,频道2,4,91,0.191624,3.39334,3.86462
5,localize,频道2,4,96,0.191624,3.66437,4.11161
5,localize,频道2,4,101,0.191624,3.59683,4.44116
5,localize,频道2,4,106,0.191624,2.98157,3.40022
5,localize,频道2,4,111,0.191624,3.22012,3.33588
5,localize,频道2,4,116,0.191624,2.79923,2.80449
5,localize,频道2,4,121,0.191624,3.52915,3.24442
5,localize,频道2,4,126,0.191624,2.14418,2.50754
5,localize,频道2,4,131,0.191624,1.7544,2.234
5,localize,频道2,4,136,0.191624,1.78016,1.9532
5,localize,频道2,4,141,0.191624,1.55871,1.53186
5,localize,频道2,4,146,0.191623,1.2929,1.2758
5,localize,频道2,4,150,0.191623,0.97236,0.926863
5,localize,频道4,4,0,0.0153934,147.689,65.6064
5,localize,频道4,4,1,0.0153934,93.0095,53.8429
5,localize,频道4,4,6,0.0153934,15.3991,19.1869
5,localize,频道4,4,11,0.0153934,12.4566,17.0244
5,localize,频道4,4,16,0.0153934,8.7588,9.61596
5,localize,频道4,4,21,0.0153934,11.1689,18.14
5,localize,频道4,4,26,0.0142532,10.7231,13.3533
5,localize,频道4,4,31,0.0127618,11.5992,15.136
5,localize,频道4,4,36,0.0127618,13.529,18.9572
5,localize,频道4,4,41,0.0127618,11.1003,14.3532
5,localize,频道4,4,46,0.0127618,9.61794,12.3587
5,localize,频道4,4,51,0.0127618,8.3673,11.3814
5,localize,频道4,4,56,0.0127618,7.45418,9.11383
5,localize,频道4,4,61,0.0127618,7.25448,9.71256
5,localize,频道4,4,66,0.0127618,7.52686,11.5942
5,localize,频道4,4,71,0.0127618,8.59785,11.6079
5,localize,频道4,4,76,0.0127618,10.1582,13.431
5,localize,频道4,4,81,0.0127618,6.46665,7.47822
5,localize,频道4,4,86,0.0127618,6.181,7.28605
5,localize,频道4,4,91,0.0127618,4.88855,6.4129
5,localize,频道4,4,96,0.0127618,4.99002,5.64101
5,localize,频道4,4,101,0.0127618,5.22869,8.88239
5,localize,频道4,4,106,0.0127618,4.87834,7.11737
5,localize,频道4,4,111,0.0127618,4.60277,6.02424
5,localize,频道4,4,116,0.0126716,3.92064,4.96132
5,localize,频道4,4,121,0.0126716,5.22693,5.56697
5,localize,频道4,4,126,0.0126716,2.94493,3.84173
5,localize,频道4,4,131,0.0126716,2.27923,3.69376
5,localize,频道4,4,136,0.0126716,2.38351,3.10234
5,localize,频道4,4,141,0.0126716,2.03218,2.60107
5,localize,频道4,4,146,0.0126716,1.56574,1.9056
5,localize,频道4,4,150,0.0126716,1.23233,1.37367
5,localize,频道5,4,0,0.147491,115.974,51.8126
5,localize,频道5,4,1,0.147491,73.2753,39.2186
5,localize,频道5,4,6,0.147491,15.2165,16.694
5,localize,频道5,4,11,0.131003,12.787,15.6174
5,localize,频道5,4,16,0.118057,10.0136,12.6306
5,localize,频道5,4,21,0.109114,12.9256,19.1115
5,localize,频道5,4,26,0.107344,12.4782,15.2939
5,localize,频道5,4,31,0.107344,12.6343,15.1929
5,localize,频道5,4,36,0.107344,13.6439,16.2506
5,localize,频道5,4,41,0.106372,9.61966,12.0694
5,localize,频道5,4,46,0.106372,9.65224,13.0711
5,localize,频道5,4,51,0.106372,9.52056,11.9119
5,localize,频道5,4,56,0.106372,8.37271,10.4476
5,localize,频道5,4,61,0.106372,8.78402,11.4146
5,localize,频道5,4,66,0.106372,7.91023,10.2643
5,localize,频道5,4,71,0.106372,8.26528,8.77188
5,localize,频道5,4,76,0.106372,9.33781,10.7127
5,localize,频道5,4,81,0.106372,6.56242,8.06409
5,localize,频道5,4,86,0.106372,5.72759,6.03229
5,localize,频道5,4,91,0.106372,5.00082,6.06958
5,localize,频道5,4,96,0.106372,4.9623,6.63251
5,localize,频道5,4,101,0.106372,4.89258,6.34672
5,localize,频道5,4,106,0.106372,3.86109,4.55857
5,localize,频道5,4,111,0.106372,4.57479,5.23912
5,localize,频道5,4,116,0.106372,3.92502,4.57204
5,localize,频道5,4,121,0.106363,4.54127,4.24025
5,localize,频道5,4,126,0.106362,3.02472,4.16228
5,localize,频道5,4,131,0.106362,2.21595,3.01454
5,localize,频道5,4,136,0.106362,2.37737,2.72846
5,localize,频道5,4,141,0.106362,2.06799,2.2016
5,localize,频道5,4,146,0.106362,1.64457,1.85743
5,localize,频道5,4,150,0.106362,1.30092,1.51329
5,localize,频道7,4,0,0,119.811,48.1449
5,localize,频道7,4,1,0,84.5331,44.2744
5,localize,频道9,4,0,0.813793,104.12,50.1045
5,localize,频道9,4,1,0.813793,63.8104,36.1825
5,localize,频道9,4,6,0.585572,8.81487,8.94391
5,localize,频道9,4,11,0.532611,7.20017,8.33885
5,localize,频道9,4,16,0.531742,5.74246,6.16961
5,localize,频道9,4,21,0.531471,6.42291,9.67811
5,localize,频道9,4,26,0.531471,6.60268,7.44052
5,localize,频道9,4,31,0.531331,6.80334,8.33081
5,localize,频道9,4,36,0.531331,7.19417,7.84772
5,localize,频道9,4,41,0.531296,5.03543,6.30253
5,localize,频道9,4,46,0.531296,5.69266,6.64111
5,localize,频道9,4,51,0.531269,4.70129,5.11487
5,localize,频道9,4,56,0.531269,4.13522,4.878
5,localize,频道9,4,61,0.531269,4.80584,5.3561
5,localize,频道9,4,66,0.531269,4.25312,4.92738
5,localize,频道9,4,71,0.531254,4.76846,4.99206
5,localize,频道9,4,76,0.531252,5.01605,5.8319
5,localize,频道9,4,81,0.531252,3.89157,4.14473
5,localize,频道9,4,86,0.531252,3.66664,3.41367
5,localize,频道9,4,91,0.531252,2.90113,3.02747
5,localize,频道9,4,96,0.531252,2.92706,3.11813
5,localize,频道9,4,101,0.531252,3.06293,3.67532
5,localize,频道9,4,106,0.531248,2.68173,2.79331
5,localize,频道9,4,111,0.531248,2.97177,2.99325
5,localize,频道9,4,116,0.531248,2.38479,2.39744
5,localize,频道9,4,121,0.531248,2.99582,2.71759
5,localize,频道9,4,126,0.531245,1.89123,2.00015
5,localize,频道9,4,131,0.531245,1.58708,1.81857
5,localize,频道9,4,136,0.531245,1.62259,1.47897
5,localize,频道9,4,141,0.531245,1.47741,1.19362
5,localize,频道9,4,146,0.531245,1.22418,1.01653
5,localize,频道9,4,150,0.531245,0.922093,0.547718
5,localize,频道10,4,0,0.259104,117.05,57.2381
5,localize,频道10,4,1,0.259104,64.6195,41.6542
5,localize,频道10,4,6,0.259104,8.05071,9.25905
5,localize,频道10,4,11,0.210797,8.03474,10.3964
5,localize,频道10,4,16,0.21027,6.74962,8.05521
5,localize,频道10,4,21,0.21027,6.96425,10.3811
5,localize,频道10,4,26,0.21027,7.42019,7.45913
5,localize,频道10,4,31,0.21027,7.67052,9.23633
5,localize,频道10,4,36,0.21027,8.11039,9.04557
5,localize,频道10,4,41,0.21027,6.05332,7.6366
5,localize,频道10,4,46,0.21027,5.95551,6.67856
5,localize,频道10,4,51,0.21027,5.68427,6.95502
5,localize,频道10,4,56,0.21027,5.14437,6.36353
5,localize,频道10,4,61,0.21027,5.75314,6.92113
5,localize,频道10,4,66,0.21027,5.05383,6.43375
5,localize,频道10,4,71,0.21027,5.27909,5.96104
5,localize,频道10,4,76,0.21027,5.40874,6.61546
5,localize,频道10,4,81,0.21027,4.05376,4.83016
5,localize,频道10,4,86,0.21027,3.8091,3.87863
5,localize,频道10,4,91,0.21027,3.01181,3.40587
5,localize,频道10,4,96,0.21027,3.41192,3.96924
5,localize,频道10,4,101,0.21027,3.21668,4.06667
5,localize,频道10,4,106,0.21027,2.6568,3.11472
5,localize,频道10,4,111,0.21027,2.99052,3.12794
5,localize,频道10,4,116,0.21027,2.53023,2.66049
5,localize,频道10,4,121,0.21027,3.04045,2.70533
5,localize,频道10,4,126,0.21027,1.9945,2.56084
5,localize,频道10,4,131,0.21027,1.62742,2.02425
5,localize,频道10,4,136,0.21027,1.61886,1.76999
5,localize,频道10,4,141,0.21027,1.49576,1.46005
5,localize,频道10,4,146,0.21027,1.2107,1.2638
5,localize,频道10,4,150,0.21027,0.874774,0.850613
5,localize,频道13,4,0,0.29405,129.491,61.0352
5,localize,频道13,4,1,0.29405,85.0443,46.2691
5,localize,频道13,4,6,0.29405,15.8337,15.3401
5,localize,频道13,4,11,0.29405,14.3901,15.4755
5,localize,频道13,4,16,0.280748,14.3725,17.7692
5,localize,频道13,4,21,0.228548,17.147,24.8973
5,localize,频道13,4,26,0.21239,17.9906,20.6933
5,localize,频道13,4,31,0.210645,16.3009,19.747
5,localize,频道13,4,36,0.210645,18.0964,20.6179
5,localize,频道13,4,41,0.210645,13.2175,17.11
5,localize,频道13,4,46,0.209868,14.6295,19.9938
5,localize,频道13,4,51,0.209868,11.726,15.3378
5,localize,频道13,4,56,0.209868,11.102,16.1988
5,localize,频道13,4,61,0.209428,12.4985,14.9338
5,localize,频道13,4,66,0.209428,12.0652,15.9413
5,localize,频道13,4,71,0.209428,13.1762,15.3899
5,localize,频道13,4,76,0.209428,14.0365,18.8332
5,localize,频道13,4,81,0.209428,10.8093,15.568
5,localize,频道13,4,86,0.209428,9.68313,13.0315
5,localize,频道13,4,91,0.209428,7.96196,11.0594
5,localize,频道13,4,96,0.209428,7.19064,8.64929
5,localize,频道13,4,101,0.209428,7.85794,11.6702
5,localize,频道13,4,106,0.209428,6.60723,9.09402
5,localize,频道13,4,111,0.209428,9.20541,13.9052
5,localize,频道13,4,116,0.209428,6.24282,7.7518
5,localize,频道13,4,121,0.209428,7.16041,8.54974
5,localize,频道13,4,126,0.209426,5.156,7.14279
5,localize,频道13,4,131,0.209425,3.54823,5.14888
5,localize,频道13,4,136,0.209425,3.64593,4.55038
5,localize,频道13,4,141,0.209425,3.32129,3.87309
5,localize,频道13,4,146,0.209425,2.9216,3.70405
5,localize,频道13,4,150,0.209425,2.00453,2.51692
5,localize,频道15,4,0,0.442701,118.385,57.6393
5,localize,频道15,4,1,0.442701,62.6001,42.913
5,localize,频道15,4,6,0.442701,16.2946,18.7629
5,localize,频道15,4,11,0.442701,13.108,14.8462
5,localize,频道15,4,16,0.381236,10.6573,13.2864
5,localize,频道15,4,21,0.376389,10.1102,14.4297
5,localize,频道15,4,26,0.376389,12.1592,14.7662
5,localize,频道15,4,31,0.376389,13.5171,15.8028
5,localize,频道15,4,36,0.376241,14.2644,16.9028
5,localize,频道15,4,41,0.376241,12.9589,16.0629
5,localize,频道15,4,46,0.376241,10.6066,13.4085
5,localize,频道15,4,51,0.376241,11.0057,15.6033
5,localize,频道15,4,56,0.376241,9.43643,12.1631
5,localize,频道15,4,61,0.376241,9.79825,12.7948
5,localize,频道15,4,66,0.376095,8.91357,12.5505
5,localize,频道15,4,71,0.376095,9.86163,12.71
5,localize,频道15,4,76,0.376095,10.3827,12.7152
5,localize,频道15,4,81,0.376095,7.7677,9.19432
5,localize,频道15,4,86,0.376095,7.51289,8.66631
5,localize,频道15,4,91,0.376087,5.90183,7.49459
5,localize,频道15,4,96,0.376087,5.96078,7.16846
5,localize,频道15,4,101,0.376087,6.26845,8.72969
5,localize,频道15,4,106,0.376087,5.23886,6.35506
5,localize,频道15,4,111,0.376087,5.21432,5.83542
5,localize,频道15,4,116,0.376087,4.28434,4.19561
5,localize,频道15,4,121,0.376087,6.26747,6.47862
5,localize,频道15,4,126,0.37607,3.24406,3.72206
5,localize,频道15,4,131,0.37607,3.04162,4.36775
5,localize,频道15,4,136,0.37607,3.08253,3.59509
5,localize,频道15,4,141,0.37607,2.48632,2.95234
5,localize,频道15,4,146,0.376064,2.13012,2.07972
5,localize,频道15,4,150,0.376064,1.80581,1.83817
5,localize,频道16,4,0,0,117.314,46.1493
5,localize,频道16,4,1,0,81.1206,42.3137
5,localize,频道17,4,0,0,121.682,54.6272
5,localize,频道17,4,1,0,75.2209,50.7831
5,route,清除顺序,2025197565,0,8640.13,17975.3,2496.05
5,route,清除顺序,2025197565,1,8640.13,16528.9,2410.31
5,route,清除顺序,2025197565,6,7993.57,12942.5,2609.42
5,route,清除顺序,2025197565,11,7905.6,11320.2,2998.3
5,route,清除顺序,2025197565,16,7905.6,10061.5,2218.49
5,route,清除顺序,2025197565,21,7905.6,10496,2220.58
5,route,清除顺序,2025197565,26,7905.6,9761.04,2052.75
5,route,清除顺序,2025197565,31,7905.6,9870.18,2305.77
5,route,清除顺序,2025197565,36,7905.6,10020.5,2423.39
5,route,清除顺序,2025197565,41,7905.6,9747.22,2026.82
5,route,清除顺序,2025197565,46,7905.6,10461.5,2524.77
5,route,清除顺序,2025197565,51,7905.6,9785.24,2298.12
5,route,清除顺序,2025197565,56,7905.6,9936.7,2361.82
5,route,清除顺序,2025197565,61,7905.6,10165.2,2589.31
5,route,清除顺序,2025197565,66,7905.6,9720.33,1758.88
5,route,清除顺序,2025197565,71,7905.6,10266.3,2818.31
5,route,清除顺序,2025197565,76,7905.6,9558.9,2049.15
5,route,清除顺序,2025197565,81,7905.6,9796.66,2331.54
5,route,清除顺序,2025197565,86,7905.6,9381.9,1936.95
5,route,清除顺序,2025197565,91,7905.6,9799.64,2349.94
5,route,清除顺序,2025197565,96,7905.6,10146.4,2587.1
5,route,清除顺序,2025197565,101,7905.6,9537.94,2333.68
5,route,清除顺序,2025197565,106,7905.6,9701.85,2234.13
5,route,清除顺序,2025197565,111,7905.6,9635.84,2066.8
5,route,清除顺序,2025197565,116,7905.6,9101.15,1824.62
5,route,清除顺序,2025197565,121,7905.6,9492.55,1857.14
5,route,清除顺序,2025197565,126,7905.6,9279.85,2002.64
5,route,清除顺序,2025197565,131,7905.6,9917.78,2331.08
5,route,清除顺序,2025197565,136,7905.6,9531.5,2248.07
5,route,清除顺序,2025197565,141,7905.6,9180.77,2008.59
5,route,清除顺序,2025197565,146,7905.6,9319.53,2040.64
5,route,清除顺序,2025197565,151,7905.6,9532.4,1958.81
5,route,清除顺序,2025197565,156,7905.6,10100.4,2430.7
5,route,清除顺序,2025197565,161,7905.6,9300.52,2133.63
5,route,清除顺序,2025197565,166,7905.6,9315.25,1924.07
5,route,清除顺序,2025197565,171,7905.6,9436.4,2280.27
5,route,清除顺序,2025197565,176,7905.6,9601.02,1992.51
5,route,清除顺序,2025197565,181,7905.6,8976.67,2100.65
5,route,清除顺序,2025197565,186,7905.6,9676.6,2491.03
5,route,清除顺序,2025197565,191,7905.6,9237.85,1928.95
5,route,清除顺序,2025197565,196,7905.6,9292.17,2181.09
5,route,清除顺序,2025197565,201,7905.6,9394.59,1900.23
5,route,清除顺序,2025197565,206,7905.6,9326.73,2175.83
5,route,清除顺序,2025197565,211,7905.6,9194.61,2254.99
5,route,清除顺序,2025197565,216,7905.6,9325.72,2226.25
5,route,清除顺序,2025197565,221,7905.6,9214.71,2149.5
5,route,清除顺序,2025197565,226,7905.6,9165.38,1815.84
5,route,清除顺序,2025197565,231,7905.6,8960.52,1949.77
5,route,清除顺序,2025197565,236,7905.6,9164.99,2195.91
5,route,清除顺序,2025197565,241,7905.6,9316.68,2155.85
5,route,清除顺序,2025197565,246,7905.6,9049.66,2030.47
5,route,清除顺序,2025197565,251,7905.6,9157.73,1939.78
5,route,清除顺序,2025197565,256,7905.6,8991.1,1871.93
5,route,清除顺序,2025197565,261,7905.6,8937.41,1811.72
5,route,清除顺序,2025197565,266,7905.6,9027.13,2014.25
5,route,清除顺序,2025197565,271,7905.6,9153.64,1869.47
5,route,清除顺序,2025197565,276,7905.6,9329.44,1992.21
5,route,清除顺序,2025197565,281,7905.6,8937.95,2039.25
5,route,清除顺序,2025197565,286,7905.6,8422.62,1158.49
5,route,清除顺序,2025197565,291,7905.6,8747.54,1640.59
5,route,清除顺序,2025197565,296,7905.6,8980.22,1981.15
5,route,清除顺序,2025197565,300,7905.6,8561.68,1495.4
